Workbook

Sheet Tax 25-26
A1: S. no | B1: Region | C1: Employee ID | D1: Name | E1: Designation | F1: Department | G1: Net Salary | H1: Increment | I1: Incremental Arrears | J1: appraisal amount (1) | K1: appraisal amount (2) | L1: SUM of Year Salary | M1: Incentive (July) | N1: Incentive (August) | O1: Incentive (Sep) | P1: Incentive (Oct) | Q1: Incentive (Nov) | R1: Incentive (Dec) | S1: Incentive (Jan) | T1: Incentive (Feb) | U1: Incentive (Mar) | V1: Incentive (Apr) | W1: Incentive (May) | X1: Incentive (Jun) | Y1: Com (July) | Z1: Com (August) | AA1: Com (Sep) | AB1: Com (Oct) | AC1: Com (Nov) | AD1: Com (Dec) | AE1: Com (Jan) | AF1: Com (Feb) | AG1: Com (Mar) | AH1: Com (Apr) | AI1: Com (May) | AJ1: Com (Jun) | AK1: TOTAL SALARY + TOTAL COM & INCEN. | AL1: TOTAL SALARY + TOTAL COM & INCEN/12 | AM1: Yearly Tax | AN1: AlreadyTax Paid | AO1: Remaining Tax | AP1: Pending Month | AQ1: Current Tax for deduction | AR1: Remarks
F2: 1200000 to 2200000 | G2: 0.11
F3: 2200000 to 3200000 | G3: 0.23
F4: 3200000 to 4100000 | G4: 0.3 | K4: =1138505+2136740 -> 3275245
F5: More than 4100000 | G5: 0.35
AQ6: Deduction in payroll
A7: S. no | B7: Region | C7: Employee ID | D7: Name | E7: Designation | F7: Department | G7: Net Salary | H7: Increments | I7: Incremental Arrears | J7: appraisal amount (1) | K7: appraisal amount (2) | L7: SUM of Year Salary | M7: Incentive (July) | N7: Incentive (August) | O7: Incentive (Sep) | P7: Incentive (Oct) | Q7: Incentive (Nov) | R7: Incentive (Dec) | S7: Incentive (Jan) | T7: Incentive (Feb) | U7: Incentive (Mar) | V7: Incentive (Apr) | W7: Incentive (May) | X7: Incentive (Jun) | Y7: Com (July) | Z7: Com (August) | AA7: Com (Sep) | AB7: Com (Oct) | AC7: Com (Nov) | AD7: Com (Dec) | AE7: Com (Jan) | AF7: Com (Feb) | AG7: Com (Mar) | AH7: Com (Apr) | AI7: Com (May) | AJ7: Com (Jun) | AK7: TOTAL SALARY + TOTAL COM & INCEN. | AL7: TOTAL SALARY + TOTAL COM & INCEN/12 | AM7: Yearly Tax | AN7: AlreadyTax Paid | AO7: Remaining Tax | AP7: Pending Month | AQ7: Current Tax for deduction | AR7: Remarks | AS7: Put this amount in payroll
A8: 1 | B8: Karachi | C8: 10001 | D8: Syed Salman Hussain | E8: CEO | F8: Management | G8: 3275245 | J8: 0 | K8: 0 | L8: =G8*12+H8+J8+K8+I8 -> 39302940 | M8: 0 | N8: 0 | O8: 0 | P8: 0 | Q8: =VLOOKUP(C8,Incentives!C2:K340,9,FALSE) -> 0 | R8: 0 | S8: 0 | T8: 0 | Y8: 0 | Z8: 0 | AA8: 0 | AB8: 0 | AC8: 0 | AD8: 0 | AE8: 0 | AF8: 0 | AK8: =SUM(L8:AJ8) -> 39302940 | AL8: =AK8/12 -> 3275245 | AM8: =IF(AK8<=600000,0, IF(AK8<=1200000,(AK8-600000)*0.01, IF(AK8<=2200000,(AK8-1200000)*0.11+6000, IF(AK8<=3200000,(AK8-2200000)*0.23+116000, IF(AK8<=4100000,(AK8-3200000)*0.3+346000, (AK8-4100000)*0.35+616000))))) *(1+IF(AK8>10000000,9%,0)) -> 14101362 | AN8: =VLOOKUP(C8,'Paid Tax'!B3:M364,12,FALSE) -> 8225794.2 | AO8: =+AM8-AN8 -> 5875567.4 | AP8: 5 | AQ8: =+AO8/AP8 -> 1175113.5 | AS8: =-AQ8 -> -1175113.5
A9: 2 | B9: Karachi | C9: 20001 | D9: Ahmed Farid Bokhari | E9: Director | F9: Management | G9: 408946 | J9: 0 | K9: 0 | L9: =G9*12+H9+J9+K9+I9 -> 4907352 | M9: 0 | N9: 0 | O9: 0 | P9: 0 | Q9: =VLOOKUP(C9,Incentives!C3:K341,9,FALSE) -> 0 | R9: 0 | S9: 0 | T9: 0 | Y9: 0 | Z9: 0 | AA9: 0 | AB9: 0 | AC9: 0 | AD9: 0 | AE9: 0 | AF9: 0 | AK9: =SUM(L9:AJ9) -> 4907352 | AL9: =AK9/12 -> 408946 | AM9: =IF(AK9<=600000,0, IF(AK9<=1200000,(AK9-600000)*0.01, IF(AK9<=2200000,(AK9-1200000)*0.11+6000, IF(AK9<=3200000,(AK9-2200000)*0.23+116000, IF(AK9<=4100000,(AK9-3200000)*0.3+346000, (AK9-4100000)*0.35+616000))))) *(1+IF(AK9>10000000,9%,0)) -> 898573.2 | AN9: =VLOOKUP(C9,'Paid Tax'!B4:M365,12,FALSE) -> 524167.7 | AO9: =+AM9-AN9 -> 374405.5 | AP9: 5 | AQ9: =+AO9/AP9 -> 74881.1 | AS9: =-AQ9 -> -74881.1 | AT9: =81881.1*8 -> 655048.8
A10: 3 | B10: Karachi | C10: 10520 | D10: Nadeem Qasim | E10: Personal Assistant | F10: Management | G10: 85000 | J10: 0 | K10: 0 | L10: =G10*12+H10+J10+K10+I10 -> 1020000 | M10: 0 | N10: 0 | O10: 0 | P10: 0 | Q10: =VLOOKUP(C10,Incentives!C4:K342,9,FALSE) -> 0 | R10: 0 | S10: 0 | T10: 0 | Y10: 0 | Z10: 0 | AA10: 0 | AB10: 0 | AC10: 0 | AD10: 0 | AE10: 0 | AF10: 0 | AK10: =SUM(L10:AJ10) -> 1020000 | AL10: =AK10/12 -> 85000 | AM10: =IF(AK10<=600000,0, IF(AK10<=1200000,(AK10-600000)*0.01, IF(AK10<=2200000,(AK10-1200000)*0.11+6000, IF(AK10<=3200000,(AK10-2200000)*0.23+116000, IF(AK10<=4100000,(AK10-3200000)*0.3+346000, (AK10-4100000)*0.35+616000))))) *(1+IF(AK10>10000000,9%,0)) -> 4200 | AN10: =VLOOKUP(C10,'Paid Tax'!B5:M366,12,FALSE) -> 2450 | AO10: =+AM10-AN10 -> 1750 | AP10: 5 | AQ10: =+AO10/AP10 -> 350 | AS10: =-AQ10 -> -350
A11: 4 | B11: Karachi | C11: 10002 | D11: Ubaid Ullah | E11: Head, Admin | F11: Admin | G11: 144364 | J11: 13878.75 | K11: 13878.75 | L11: =G11*12+H11+J11+K11+I11 -> 1760125.5 | M11: 0 | N11: 0 | O11: 0 | P11: 0 | Q11: =VLOOKUP(C11,Incentives!C5:K343,9,FALSE) -> 0 | R11: 0 | S11: 0 | T11: 0 | Y11: 0 | Z11: 0 | AA11: 0 | AB11: 0 | AC11: 0 | AD11: 0 | AE11: 0 | AF11: 0 | AK11: =SUM(L11:AJ11) -> 1760125.5 | AL11: =AK11/12 -> 146677.12 | AM11: =IF(AK11<=600000,0, IF(AK11<=1200000,(AK11-600000)*0.01, IF(AK11<=2200000,(AK11-1200000)*0.11+6000, IF(AK11<=3200000,(AK11-2200000)*0.23+116000, IF(AK11<=4100000,(AK11-3200000)*0.3+346000, (AK11-4100000)*0.35+616000))))) *(1+IF(AK11>10000000,9%,0)) -> 67613.805 | AN11: =VLOOKUP(C11,'Paid Tax'!B6:M367,12,FALSE) -> 39383.558 | AO11: =+AM11-AN11 -> 28230.247 | AP11: 5 | AQ11: =+AO11/AP11 -> 5646.0494 | AS11: =-AQ11 -> -5646.0494
A12: 5 | B12: Karachi | C12: 10003 | D12: Furqan | E12: Supervisor, Admin | F12: Admin | G12: 80177 | J12: 8000 | K12: 8000 | L12: =G12*12+H12+J12+K12+I12 -> 978124 | M12: 0 | N12: 0 | O12: 0 | P12: 0 | Q12: =VLOOKUP(C12,Incentives!C6:K344,9,FALSE) -> 0 | R12: 0 | S12: 0 | T12: 0 | Y12: 0 | Z12: 0 | AA12: 0 | AB12: 0 | AC12: 0 | AD12: 0 | AE12: 0 | AF12: 0 | AK12: =SUM(L12:AJ12) -> 978124 | AL12: =AK12/12 -> 81510.333 | AM12: =IF(AK12<=600000,0, IF(AK12<=1200000,(AK12-600000)*0.01, IF(AK12<=2200000,(AK12-1200000)*0.11+6000, IF(AK12<=3200000,(AK12-2200000)*0.23+116000, IF(AK12<=4100000,(AK12-3200000)*0.3+346000, (AK12-4100000)*0.35+616000))))) *(1+IF(AK12>10000000,9%,0)) -> 3781.24 | AN12: =VLOOKUP(C12,'Paid Tax'!B7:M368,12,FALSE) -> 2202.693 | AO12: =+AM12-AN12 -> 1578.547 | AP12: 5 | AQ12: =+AO12/AP12 -> 315.70939 | AS12: =-AQ12 -> -315.70939
A13: 6 | B13: Karachi | C13: 10418 | D13: Syed Omar Farooq Naqvi | E13: Officer, Admin | F13: Admin | G13: 45000 | J13: 5000 | K13: 5000 | L13: =G13*12+H13+J13+K13+I13 -> 550000 | M13: 0 | N13: 0 | O13: 0 | P13: 0 | Q13: =VLOOKUP(C13,Incentives!C7:K345,9,FALSE) -> 0 | R13: 0 | S13: 0 | T13: 0 | Y13: 0 | Z13: 0 | AA13: 0 | AB13: 0 | AC13: 0 | AD13: 0 | AE13: 0 | AF13: 0 | AK13: =SUM(L13:AJ13) -> 550000 | AL13: =AK13/12 -> 45833.333 | AM13: =IF(AK13<=600000,0, IF(AK13<=1200000,(AK13-600000)*0.01, IF(AK13<=2200000,(AK13-1200000)*0.11+6000, IF(AK13<=3200000,(AK13-2200000)*0.23+116000, IF(AK13<=4100000,(AK13-3200000)*0.3+346000, (AK13-4100000)*0.35+616000))))) *(1+IF(AK13>10000000,9%,0)) -> 0 | AN13: =VLOOKUP(C13,'Paid Tax'!B8:M369,12,FALSE) -> 0 | AO13: =+AM13-AN13 -> 0 | AP13: 5 | AQ13: =+AO13/AP13 -> 0 | AS13: =-AQ13 -> 0 | AW13: Aug
A14: 7 | B14: Karachi | C14: 10006 | D14: Humna Altamash Yousuf | E14: Head - HR & Cultural Development | F14: Human Resources | G14: 142552 | J14: 20000 | K14: 20000 | L14: =G14*12+H14+J14+K14+I14 -> 1750624 | M14: 0 | N14: 0 | O14: 0 | P14: 0 | Q14: =VLOOKUP(C14,Incentives!C8:K346,9,FALSE) -> 0 | R14: 0 | S14: 0 | T14: 0 | Y14: 0 | Z14: 0 | AA14: 0 | AB14: 0 | AC14: 0 | AD14: 0 | AE14: 0 | AF14: 0 | AK14: =SUM(L14:AJ14) -> 1750624 | AL14: =AK14/12 -> 145885.33 | AM14: =IF(AK14<=600000,0, IF(AK14<=1200000,(AK14-600000)*0.01, IF(AK14<=2200000,(AK14-1200000)*0.11+6000, IF(AK14<=3200000,(AK14-2200000)*0.23+116000, IF(AK14<=4100000,(AK14-3200000)*0.3+346000, (AK14-4100000)*0.35+616000))))) *(1+IF(AK14>10000000,9%,0)) -> 66568.64 | AN14: =VLOOKUP(C14,'Paid Tax'!B9:M370,12,FALSE) -> 38748.373 | AO14: =+AM14-AN14 -> 27820.267 | AP14: 5 | AQ14: =+AO14/AP14 -> 5564.0533 | AS14: =-AQ14 -> -5564.0533 | AW14: Sep
A15: 8 | B15: Karachi | C15: 10008 | D15: Muhammad Fahad | E15: Head - Financial Governance & Compliance | F15: Accounts & Finance | G15: 300276 | J15: 60000 | K15: 60000 | L15: =G15*12+H15+J15+K15+I15 -> 3723312 | M15: 0 | N15: 0 | O15: 0 | P15: 0 | Q15: =VLOOKUP(C15,Incentives!C9:K347,9,FALSE) -> 0 | R15: 0 | S15: 0 | T15: 0 | Y15: 0 | Z15: 0 | AA15: 0 | AB15: 0 | AC15: 0 | AD15: 0 | AE15: 0 | AF15: 0 | AK15: =SUM(L15:AJ15) -> 3723312 | AL15: =AK15/12 -> 310276 | AM15: =IF(AK15<=600000,0, IF(AK15<=1200000,(AK15-600000)*0.01, IF(AK15<=2200000,(AK15-1200000)*0.11+6000, IF(AK15<=3200000,(AK15-2200000)*0.23+116000, IF(AK15<=4100000,(AK15-3200000)*0.3+346000, (AK15-4100000)*0.35+616000))))) *(1+IF(AK15>10000000,9%,0)) -> 502993.6 | AN15: =VLOOKUP(C15,'Paid Tax'!B10:M371,12,FALSE) -> 292731.12 | AO15: =+AM15-AN15 -> 210262.48 | AP15: 5 | AQ15: =+AO15/AP15 -> 42052.497 | AS15: =-AQ15 -> -42052.497 | AW15: Oct
A16: 9 | B16: Karachi | C16: 10009 | D16: Muhammad Shaukat | E16: Supervisor, Recovery & Collection | F16: Accounts & Finance | G16: 57666 | J16: 9000 | K16: 9000 | L16: =G16*12+H16+J16+K16+I16 -> 709992 | M16: 0 | N16: 0 | O16: 0 | P16: 0 | Q16: =VLOOKUP(C16,Incentives!C10:K348,9,FALSE) -> 0 | R16: 0 | S16: 0 | T16: 0 | Y16: 0 | Z16: 0 | AA16: 0 | AB16: 0 | AC16: 0 | AD16: 0 | AE16: 0 | AF16: 0 | AK16: =SUM(L16:AJ16) -> 709992 | AL16: =AK16/12 -> 59166 | AM16: =IF(AK16<=600000,0, IF(AK16<=1200000,(AK16-600000)*0.01, IF(AK16<=2200000,(AK16-1200000)*0.11+6000, IF(AK16<=3200000,(AK16-2200000)*0.23+116000, IF(AK16<=4100000,(AK16-3200000)*0.3+346000, (AK16-4100000)*0.35+616000))))) *(1+IF(AK16>10000000,9%,0)) -> 1099.92 | AN16: =VLOOKUP(C16,'Paid Tax'!B11:M372,12,FALSE) -> 638.21091 | AO16: =+AM16-AN16 -> 461.70909 | AP16: 5 | AQ16: =+AO16/AP16 -> 92.341818 | AS16: =-AQ16 -> -92.341818 | AW16: Nov
A17: 10 | B17: Karachi | C17: 10010 | D17: Vivian Charles Paul | E17: Head - Corporate Services & Renewal | F17: Corporate Services | G17: 249654 | J17: 40000 | K17: 40000 | L17: =G17*12+H17+J17+K17+I17 -> 3075848 | M17: 0 | N17: 0 | O17: 0 | P17: 0 | Q17: =VLOOKUP(C17,Incentives!C11:K350,9,FALSE) -> 0 | R17: 0 | S17: 0 | T17: 0 | Y17: 19310 | Z17: 44796 | AA17: 21587 | AB17: 21284 | AC17: 25915 | AD17: 18486 | AE17: 25544 | AF17: 35743 | AK17: =SUM(L17:AJ17) -> 3288513 | AL17: =AK17/12 -> 274042.75 | AM17: =IF(AK17<=600000,0, IF(AK17<=1200000,(AK17-600000)*0.01, IF(AK17<=2200000,(AK17-1200000)*0.11+6000, IF(AK17<=3200000,(AK17-2200000)*0.23+116000, IF(AK17<=4100000,(AK17-3200000)*0.3+346000, (AK17-4100000)*0.35+616000))))) *(1+IF(AK17>10000000,9%,0)) -> 372553.9 | AN17: =VLOOKUP(C17,'Paid Tax'!B12:M373,12,FALSE) -> 203022.92 | AO17: =+AM17-AN17 -> 169530.98 | AP17: 5 | AQ17: =+AO17/AP17 -> 33906.196 | AS17: =-AQ17 -> -33906.196
A18: 11 | B18: Karachi | C18: 10011 | D18: Sidra | E18: Manager, CS | F18: Corporate Services | G18: 98221 | J18: 11000 | K18: 11000 | L18: =G18*12+H18+J18+K18+I18 -> 1200652 | M18: 0 | N18: 0 | O18: 0 | P18: 0 | Q18: =VLOOKUP(C18,Incentives!C12:K351,9,FALSE) -> 0 | R18: 0 | S18: 0 | T18: 0 | Y18: 0 | Z18: 0 | AA18: 0 | AB18: 0 | AC18: 0 | AD18: 0 | AE18: 0 | AF18: 0 | AK18: =SUM(L18:AJ18) -> 1200652 | AL18: =AK18/12 -> 100054.33 | AM18: =IF(AK18<=600000,0, IF(AK18<=1200000,(AK18-600000)*0.01, IF(AK18<=2200000,(AK18-1200000)*0.11+6000, IF(AK18<=3200000,(AK18-2200000)*0.23+116000, IF(AK18<=4100000,(AK18-3200000)*0.3+346000, (AK18-4100000)*0.35+616000))))) *(1+IF(AK18>10000000,9%,0)) -> 6071.72 | AN18: =VLOOKUP(C18,'Paid Tax'!B13:M374,12,FALSE) -> 3535.2003 | AO18: =+AM18-AN18 -> 2536.5197 | AP18: 5 | AQ18: =+AO18/AP18 -> 507.30394 | AS18: =-AQ18 -> -507.30394
A19: 12 | B19: Karachi | C19: 10494 | D19: Dawood | E19: Supervisor, CS | F19: Corporate Services | G19: 53650 | J19: 6650 | K19: 6650 | L19: =G19*12+H19+J19+K19+I19 -> 657100 | M19: 0 | N19: 0 | O19: 0 | P19: 0 | Q19: =VLOOKUP(C19,Incentives!C13:K352,9,FALSE) -> 0 | R19: 0 | S19: 0 | T19: 0 | Y19: 0 | Z19: 3000 | AA19: 4000 | AB19: 0 | AC19: 0 | AD19: 0 | AE19: 0 | AF19: 0 | AK19: =SUM(L19:AJ19) -> 664100 | AL19: =AK19/12 -> 55341.667 | AM19: =IF(AK19<=600000,0, IF(AK19<=1200000,(AK19-600000)*0.01, IF(AK19<=2200000,(AK19-1200000)*0.11+6000, IF(AK19<=3200000,(AK19-2200000)*0.23+116000, IF(AK19<=4100000,(AK19-3200000)*0.3+346000, (AK19-4100000)*0.35+616000))))) *(1+IF(AK19>10000000,9%,0)) -> 641 | AN19: =VLOOKUP(C19,'Paid Tax'!B14:M375,12,FALSE) -> 366.92803 | AO19: =+AM19-AN19 -> 274.07197 | AP19: 5 | AQ19: =+AO19/AP19 -> 54.814394 | AS19: =-AQ19 -> -54.814394
A20: 13 | B20: Karachi | C20: 10015 | D20: Syed Zia Abid Naqvi | E20: Head - Client Services | F20: Control Center | G20: 242087 | J20: 45000 | K20: 45000 | L20: =G20*12+H20+J20+K20+I20 -> 2995044 | M20: 0 | N20: 0 | O20: 0 | P20: 0 | Q20: =VLOOKUP(C20,Incentives!C14:K353,9,FALSE) -> 0 | R20: 0 | S20: 0 | T20: 0 | Y20: 118022 | Z20: 197878 | AA20: 138381 | AB20: 171051 | AC20: 202235 | AD20: 149431 | AE20: 150134 | AF20: 114069 | AK20: =SUM(L20:AJ20) -> 4236245 | AL20: =AK20/12 -> 353020.42 | AM20: =IF(AK20<=600000,0, IF(AK20<=1200000,(AK20-600000)*0.01, IF(AK20<=2200000,(AK20-1200000)*0.11+6000, IF(AK20<=3200000,(AK20-2200000)*0.23+116000, IF(AK20<=4100000,(AK20-3200000)*0.3+346000, (AK20-4100000)*0.35+616000))))) *(1+IF(AK20>10000000,9%,0)) -> 663685.75 | AN20: =VLOOKUP(C20,'Paid Tax'!B15:M376,12,FALSE) -> 305654.05 | AO20: =+AM20-AN20 -> 358031.7 | AP20: 5 | AQ20: =+AO20/AP20 -> 71606.34 | AS20: =-AQ20 -> -71606.34
A21: 14 | B21: Karachi | C21: 10016 | D21: Sobia Ali | E21: Head - Technical Operations & Diagnostics | F21: Diagnostics & Harness | G21: 175425 | J21: 30000 | K21: 30000 | L21: =G21*12+H21+J21+K21+I21 -> 2165100 | M21: 0 | N21: 0 | O21: 0 | P21: 0 | Q21: =VLOOKUP(C21,Incentives!C15:K354,9,FALSE) -> 0 | R21: 0 | S21: 0 | T21: 0 | Y21: 0 | Z21: 0 | AA21: 0 | AB21: 0 | AC21: 0 | AD21: 0 | AE21: 0 | AF21: 0 | AK21: =SUM(L21:AJ21) -> 2165100 | AL21: =AK21/12 -> 180425 | AM21: =IF(AK21<=600000,0, IF(AK21<=1200000,(AK21-600000)*0.01, IF(AK21<=2200000,(AK21-1200000)*0.11+6000, IF(AK21<=3200000,(AK21-2200000)*0.23+116000, IF(AK21<=4100000,(AK21-3200000)*0.3+346000, (AK21-4100000)*0.35+616000))))) *(1+IF(AK21>10000000,9%,0)) -> 112161 | AN21: =VLOOKUP(C21,'Paid Tax'!B16:M377,12,FALSE) -> 65302.25 | AO21: =+AM21-AN21 -> 46858.75 | AP21: 5 | AQ21: =+AO21/AP21 -> 9371.75 | AS21: =-AQ21 -> -9371.75
A22: 15 | B22: Karachi | C22: 10239 | D22: Syed Ayyan Ali | E22: CRO | F22: Control Center | G22: 35065 | J22: 4573.5 | K22: 4573.5 | L22: =G22*12+H22+J22+K22+I22 -> 429927 | M22: 0 | N22: 0 | O22: 0 | P22: 0 | Q22: =VLOOKUP(C22,Incentives!C16:K355,9,FALSE) -> 0 | R22: 0 | S22: 0 | T22: 0 | Y22: 2000 | Z22: 0 | AA22: 1000 | AB22: 5000 | AC22: 0 | AD22: 1000 | AE22: 0 | AF22: 0 | AK22: =SUM(L22:AJ22) -> 438927 | AL22: =AK22/12 -> 36577.25 | AM22: =IF(AK22<=600000,0, IF(AK22<=1200000,(AK22-600000)*0.01, IF(AK22<=2200000,(AK22-1200000)*0.11+6000, IF(AK22<=3200000,(AK22-2200000)*0.23+116000, IF(AK22<=4100000,(AK22-3200000)*0.3+346000, (AK22-4100000)*0.35+616000))))) *(1+IF(AK22>10000000,9%,0)) -> 0 | AN22: =VLOOKUP(C22,'Paid Tax'!B17:M378,12,FALSE) -> 0 | AO22: =+AM22-AN22 -> 0 | AP22: 5 | AQ22: =+AO22/AP22 -> 0 | AS22: =-AQ22 -> 0
A23: 16 | B23: Karachi | C23: 10018 | D23: Joseph Henry | E23: Deputy Manager, CR | F23: Control Center | G23: 52655 | J23: 7262.6 | K23: 7262.6 | L23: =G23*12+H23+J23+K23+I23 -> 646385.2 | M23: 0 | N23: 0 | O23: 0 | P23: 0 | Q23: =VLOOKUP(C23,Incentives!C17:K356,9,FALSE) -> 0 | R23: 0 | S23: 0 | T23: 0 | Y23: 61300 | Z23: 130390 | AA23: 41650 | AB23: 48050 | AC23: 81350 | AD23: 66130 | AE23: 73504 | AF23: 0 | AK23: =SUM(L23:AJ23) -> 1148759.2 | AL23: =AK23/12 -> 95729.933 | AM23: =IF(AK23<=600000,0, IF(AK23<=1200000,(AK23-600000)*0.01, IF(AK23<=2200000,(AK23-1200000)*0.11+6000, IF(AK23<=3200000,(AK23-2200000)*0.23+116000, IF(AK23<=4100000,(AK23-3200000)*0.3+346000, (AK23-4100000)*0.35+616000))))) *(1+IF(AK23>10000000,9%,0)) -> 5487.592 | AN23: =VLOOKUP(C23,'Paid Tax'!B18:M379,12,FALSE) -> 2375.4197 | AO23: =+AM23-AN23 -> 3112.1723 | AP23: 5 | AQ23: =+AO23/AP23 -> 622.43445 | AS23: =-AQ23 -> -622.43445
A24: 17 | B24: Karachi | C24: 10019 | D24: Anil | E24: Deputy Manager, CR | F24: Control Center | G24: 52758 | J24: 7277.05 | K24: 7277.05 | L24: =G24*12+H24+J24+K24+I24 -> 647650.1 | M24: 0 | N24: 0 | O24: 0 | P24: 0 | Q24: =VLOOKUP(C24,Incentives!C18:K357,9,FALSE) -> 0 | R24: 0 | S24: 0 | T24: 0 | Y24: 91891 | Z24: 180152 | AA24: 86376 | AB24: 90051 | AC24: 158710 | AD24: 103018 | AE24: 102636 | AF24: 1286 | AK24: =SUM(L24:AJ24) -> 1461770.1 | AL24: =AK24/12 -> 121814.18 | AM24: =IF(AK24<=600000,0, IF(AK24<=1200000,(AK24-600000)*0.01, IF(AK24<=2200000,(AK24-1200000)*0.11+6000, IF(AK24<=3200000,(AK24-2200000)*0.23+116000, IF(AK24<=4100000,(AK24-3200000)*0.3+346000, (AK24-4100000)*0.35+616000))))) *(1+IF(AK24>10000000,9%,0)) -> 34794.711 | AN24: =VLOOKUP(C24,'Paid Tax'!B19:M380,12,FALSE) -> 10396.326 | AO24: =+AM24-AN24 -> 24398.385 | AP24: 5 | AQ24: =+AO24/AP24 -> 4879.6769 | AS24: =-AQ24 -> -4879.6769
A25: 18 | B25: Karachi | C25: 10498 | D25: Moses Akhter | E25: Collection Officer | F25: Removal | G25: 35080 | J25: 3080 | K25: 3080 | L25: =G25*12+H25+J25+K25+I25 -> 427120 | M25: 0 | N25: 0 | O25: 0 | P25: 0 | Q25: =VLOOKUP(C25,Incentives!C19:K358,9,FALSE) -> 0 | R25: 0 | S25: 0 | T25: 0 | Y25: 23512 | Z25: 29223 | AA25: 23783 | AB25: 57050 | AC25: 27590 | AD25: 24885 | AE25: 25202 | AF25: 26049 | AK25: =SUM(L25:AJ25) -> 664414 | AL25: =AK25/12 -> 55367.833 | AM25: =IF(AK25<=600000,0, IF(AK25<=1200000,(AK25-600000)*0.01, IF(AK25<=2200000,(AK25-1200000)*0.11+6000, IF(AK25<=3200000,(AK25-2200000)*0.23+116000, IF(AK25<=4100000,(AK25-3200000)*0.3+346000, (AK25-4100000)*0.35+616000))))) *(1+IF(AK25>10000000,9%,0)) -> 644.14 | AN25: =VLOOKUP(C25,'Paid Tax'!B20:M381,12,FALSE) -> 42.025903 | AO25: =+AM25-AN25 -> 602.1141 | AP25: 11 | AQ25: =+AO25/AP25 -> 54.737645 | AR25: First time tax will be / by 11 | AS25: =-AQ25 -> -54.737645
A26: 19 | B26: Karachi | C26: 10020 | D26: Muhammad Shakir | E26: Supervisor - CRO | F26: Control Center | G26: 49078 | J26: 6027.14 | K26: 6027.14 | L26: =G26*12+H26+J26+K26+I26 -> 600990.28 | M26: 0 | N26: 0 | O26: 0 | P26: 0 | Q26: =VLOOKUP(C26,Incentives!C20:K359,9,FALSE) -> 0 | R26: 0 | S26: 0 | T26: 0 | Y26: 0 | Z26: 5000 | AA26: 5000 | AB26: 0 | AC26: 0 | AD26: 5000 | AE26: 0 | AF26: 0 | AK26: =SUM(L26:AJ26) -> 615990.28 | AL26: =AK26/12 -> 51332.523 | AM26: =IF(AK26<=600000,0, IF(AK26<=1200000,(AK26-600000)*0.01, IF(AK26<=2200000,(AK26-1200000)*0.11+6000, IF(AK26<=3200000,(AK26-2200000)*0.23+116000, IF(AK26<=4100000,(AK26-3200000)*0.3+346000, (AK26-4100000)*0.35+616000))))) *(1+IF(AK26>10000000,9%,0)) -> 159.9028 | AN26: =VLOOKUP(C26,'Paid Tax'!B21:M382,12,FALSE) -> 65.128545 | AO26: =+AM26-AN26 -> 94.774255 | AP26: 6 | AQ26: =+AO26/AP26 -> 15.795709 | AR26: First time tax will be / by 6 | AS26: =-AQ26 -> -15.795709
A27: 20 | B27: Karachi | C27: 10021 | D27: Rahat Gul | E27: Supervisor - Removal | F27: Removal | G27: 46016 | J27: 6346.95 | K27: 6346.95 | L27: =G27*12+H27+J27+K27+I27 -> 564885.9 | M27: 0 | N27: 0 | O27: 0 | P27: 0 | Q27: =VLOOKUP(C27,Incentives!C21:K360,9,FALSE) -> 0 | R27: 0 | S27: 0 | T27: 0 | Y27: 57009 | Z27: 95593 | AA27: 129584 | AB27: 139645 | AC27: 86831 | AD27: 52662 | AE27: 64615 | AF27: 87421 | AK27: =SUM(L27:AJ27) -> 1278245.9 | AL27: =AK27/12 -> 106520.49 | AM27: =IF(AK27<=600000,0, IF(AK27<=1200000,(AK27-600000)*0.01, IF(AK27<=2200000,(AK27-1200000)*0.11+6000, IF(AK27<=3200000,(AK27-2200000)*0.23+116000, IF(AK27<=4100000,(AK27-3200000)*0.3+346000, (AK27-4100000)*0.35+616000))))) *(1+IF(AK27>10000000,9%,0)) -> 14607.049 | AN27: =VLOOKUP(C27,'Paid Tax'!B22:M383,12,FALSE) -> 2499.0677 | AO27: =+AM27-AN27 -> 12107.981 | AP27: 5 | AQ27: =+AO27/AP27 -> 2421.5963 | AS27: =-AQ27 -> -2421.5963
A28: 21 | B28: Karachi | C28: 10023 | D28: Syed Asad Raza | E28: Supervisor - CR | F28: Control Center | G28: 42989 | J28: 5279.4 | K28: 5279.4 | L28: =G28*12+H28+J28+K28+I28 -> 526426.8 | M28: 0 | N28: 0 | O28: 0 | P28: 0 | Q28: =VLOOKUP(C28,Incentives!C22:K361,9,FALSE) -> 0 | R28: 0 | S28: 0 | T28: 0 | Y28: 0 | Z28: 0 | AA28: 0 | AB28: 0 | AC28: 0 | AD28: 0 | AE28: 5000 | AF28: 0 | AK28: =SUM(L28:AJ28) -> 531426.8 | AL28: =AK28/12 -> 44285.567 | AM28: =IF(AK28<=600000,0, IF(AK28<=1200000,(AK28-600000)*0.01, IF(AK28<=2200000,(AK28-1200000)*0.11+6000, IF(AK28<=3200000,(AK28-2200000)*0.23+116000, IF(AK28<=4100000,(AK28-3200000)*0.3+346000, (AK28-4100000)*0.35+616000))))) *(1+IF(AK28>10000000,9%,0)) -> 0 | AN28: =VLOOKUP(C28,'Paid Tax'!B23:M384,12,FALSE) -> 0 | AO28: =+AM28-AN28 -> 0 | AP28: 5 | AQ28: =+AO28/AP28 -> 0 | AS28: =-AQ28 -> 0
A29: 22 | B29: Karachi | C29: 10533 | D29: Dawood Bose | E29: CRO | F29: Control Center | G29: 34000 | J29: 0 | K29: 0 | L29: =G29*12+H29+J29+K29+I29 -> 408000 | M29: 0 | N29: 0 | O29: 0 | P29: 0 | Q29: =VLOOKUP(C29,Incentives!C23:K362,9,FALSE) -> 0 | R29: 0 | S29: 0 | T29: 0 | Y29: 4000 | Z29: 0 | AA29: 0 | AB29: 4000 | AC29: 0 | AD29: 4000 | AE29: 0 | AF29: 0 | AK29: =SUM(L29:AJ29) -> 420000 | AL29: =AK29/12 -> 35000 | AM29: =IF(AK29<=600000,0, IF(AK29<=1200000,(AK29-600000)*0.01, IF(AK29<=2200000,(AK29-1200000)*0.11+6000, IF(AK29<=3200000,(AK29-2200000)*0.23+116000, IF(AK29<=4100000,(AK29-3200000)*0.3+346000, (AK29-4100000)*0.35+616000))))) *(1+IF(AK29>10000000,9%,0)) -> 0 | AN29: =VLOOKUP(C29,'Paid Tax'!B24:M385,12,FALSE) -> 0 | AO29: =+AM29-AN29 -> 0 | AP29: 5 | AQ29: =+AO29/AP29 -> 0 | AS29: =-AQ29 -> 0
A30: 23 | B30: Karachi | C30: 10473 | D30: Noman Khan | E30: CRO | F30: Control Center | G30: 33900 | J30: 3900 | K30: 3900 | L30: =G30*12+H30+J30+K30+I30 -> 414600 | M30: 0 | N30: 0 | O30: 0 | P30: 0 | Q30: =VLOOKUP(C30,Incentives!C24:K363,9,FALSE) -> 0 | R30: 0 | S30: 0 | T30: 0 | Y30: 0 | Z30: 0 | AA30: 0 | AB30: 0 | AC30: 0 | AD30: 0 | AE30: 0 | AF30: 0 | AK30: =SUM(L30:AJ30) -> 414600 | AL30: =AK30/12 -> 34550 | AM30: =IF(AK30<=600000,0, IF(AK30<=1200000,(AK30-600000)*0.01, IF(AK30<=2200000,(AK30-1200000)*0.11+6000, IF(AK30<=3200000,(AK30-2200000)*0.23+116000, IF(AK30<=4100000,(AK30-3200000)*0.3+346000, (AK30-4100000)*0.35+616000))))) *(1+IF(AK30>10000000,9%,0)) -> 0 | AN30: =VLOOKUP(C30,'Paid Tax'!B25:M386,12,FALSE) -> 0 | AO30: =+AM30-AN30 -> 0 | AP30: 5 | AQ30: =+AO30/AP30 -> 0 | AS30: =-AQ30 -> 0
A31: 24 | B31: Karachi | C31: 10511 | D31: Harkas Basharat | E31: CRO | F31: Control Center | G31: 31000 | J31: 0 | K31: 0 | L31: =G31*12+H31+J31+K31+I31 -> 372000 | M31: 0 | N31: 0 | O31: 0 | P31: 0 | Q31: =VLOOKUP(C31,Incentives!C25:K364,9,FALSE) -> 0 | R31: 0 | S31: 0 | T31: 0 | Y31: 0 | Z31: 0 | AA31: 0 | AB31: 0 | AC31: 3000 | AD31: 0 | AE31: 0 | AF31: 0 | AK31: =SUM(L31:AJ31) -> 375000 | AL31: =AK31/12 -> 31250 | AM31: =IF(AK31<=600000,0, IF(AK31<=1200000,(AK31-600000)*0.01, IF(AK31<=2200000,(AK31-1200000)*0.11+6000, IF(AK31<=3200000,(AK31-2200000)*0.23+116000, IF(AK31<=4100000,(AK31-3200000)*0.3+346000, (AK31-4100000)*0.35+616000))))) *(1+IF(AK31>10000000,9%,0)) -> 0 | AN31: =VLOOKUP(C31,'Paid Tax'!B26:M387,12,FALSE) -> 0 | AO31: =+AM31-AN31 -> 0 | AP31: 5 | AQ31: =+AO31/AP31 -> 0 | AS31: =-AQ31 -> 0
A32: 25 | B32: Karachi | C32: 10512 | D32: Alishba Naveed | E32: CRO | F32: Control Center | G32: 36000 | J32: 0 | K32: 0 | L32: =G32*12+H32+J32+K32+I32 -> 432000 | M32: 0 | N32: 0 | O32: 0 | P32: 0 | Q32: =VLOOKUP(C32,Incentives!C26:K365,9,FALSE) -> 0 | R32: 0 | S32: 0 | T32: 0 | Y32: 0 | Z32: 5000 | AA32: 0 | AB32: 0 | AC32: 0 | AD32: 0 | AE32: 1000 | AF32: 0 | AK32: =SUM(L32:AJ32) -> 438000 | AL32: =AK32/12 -> 36500 | AM32: =IF(AK32<=600000,0, IF(AK32<=1200000,(AK32-600000)*0.01, IF(AK32<=2200000,(AK32-1200000)*0.11+6000, IF(AK32<=3200000,(AK32-2200000)*0.23+116000, IF(AK32<=4100000,(AK32-3200000)*0.3+346000, (AK32-4100000)*0.35+616000))))) *(1+IF(AK32>10000000,9%,0)) -> 0 | AN32: =VLOOKUP(C32,'Paid Tax'!B27:M388,12,FALSE) -> 0 | AO32: =+AM32-AN32 -> 0 | AP32: 5 | AQ32: =+AO32/AP32 -> 0 | AS32: =-AQ32 -> 0
A33: 26 | B33: Karachi | C33: 10489 | D33: Muhammad Ayan Ateeb | E33: CRO | F33: Control Center | G33: 33900 | J33: 3900 | K33: 3900 | L33: =G33*12+H33+J33+K33+I33 -> 414600 | M33: 0 | N33: 0 | O33: 0 | P33: 0 | Q33: =VLOOKUP(C33,Incentives!C27:K366,9,FALSE) -> 0 | R33: 0 | S33: 0 | T33: 0 | Y33: 0 | Z33: 0 | AA33: 0 | AB33: 0 | AC33: 1000 | AD33: 0 | AE33: 0 | AF33: 0 | AK33: =SUM(L33:AJ33) -> 415600 | AL33: =AK33/12 -> 34633.333 | AM33: =IF(AK33<=600000,0, IF(AK33<=1200000,(AK33-600000)*0.01, IF(AK33<=2200000,(AK33-1200000)*0.11+6000, IF(AK33<=3200000,(AK33-2200000)*0.23+116000, IF(AK33<=4100000,(AK33-3200000)*0.3+346000, (AK33-4100000)*0.35+616000))))) *(1+IF(AK33>10000000,9%,0)) -> 0 | AN33: =VLOOKUP(C33,'Paid Tax'!B28:M389,12,FALSE) -> 0 | AO33: =+AM33-AN33 -> 0 | AP33: 5 | AQ33: =+AO33/AP33 -> 0 | AS33: =-AQ33 -> 0
A34: 27 | B34: Karachi | C34: 10437 | D34: Yashdial | E34: CRO | F34: Control Center | G34: 33900 | J34: 3900 | K34: 3900 | L34: =G34*12+H34+J34+K34+I34 -> 414600 | M34: 0 | N34: 0 | O34: 0 | P34: 0 | Q34: =VLOOKUP(C34,Incentives!C28:K367,9,FALSE) -> 0 | R34: 0 | S34: 0 | T34: 0 | Y34: 0 | Z34: 1000 | AA34: 3000 | AB34: 0 | AC34: 0 | AD34: 3000 | AE34: 3000 | AF34: 0 | AK34: =SUM(L34:AJ34) -> 424600 | AL34: =AK34/12 -> 35383.333 | AM34: =IF(AK34<=600000,0, IF(AK34<=1200000,(AK34-600000)*0.01, IF(AK34<=2200000,(AK34-1200000)*0.11+6000, IF(AK34<=3200000,(AK34-2200000)*0.23+116000, IF(AK34<=4100000,(AK34-3200000)*0.3+346000, (AK34-4100000)*0.35+616000))))) *(1+IF(AK34>10000000,9%,0)) -> 0 | AN34: =VLOOKUP(C34,'Paid Tax'!B29:M390,12,FALSE) -> 0 | AO34: =+AM34-AN34 -> 0 | AP34: 5 | AQ34: =+AO34/AP34 -> 0 | AS34: =-AQ34 -> 0
A35: 28 | B35: Karachi | C35: 10288 | D35: Muhammad Zakir | E35: Manager, IT | F35: Information Technology | G35: 170000 | J35: 50000 | K35: 50000 | L35: =G35*12+H35+J35+K35+I35 -> 2140000 | M35: 0 | N35: 0 | O35: 0 | P35: 0 | Q35: =VLOOKUP(C35,Incentives!C29:K368,9,FALSE) -> 0 | R35: 0 | S35: 0 | T35: 0 | Y35: 0 | Z35: 0 | AA35: 0 | AB35: 0 | AC35: 0 | AD35: 0 | AE35: 0 | AF35: 0 | AK35: =SUM(L35:AJ35) -> 2140000 | AL35: =AK35/12 -> 178333.33 | AM35: =IF(AK35<=600000,0, IF(AK35<=1200000,(AK35-600000)*0.01, IF(AK35<=2200000,(AK35-1200000)*0.11+6000, IF(AK35<=3200000,(AK35-2200000)*0.23+116000, IF(AK35<=4100000,(AK35-3200000)*0.3+346000, (AK35-4100000)*0.35+616000))))) *(1+IF(AK35>10000000,9%,0)) -> 109400 | AN35: =VLOOKUP(C35,'Paid Tax'!B30:M391,12,FALSE) -> 63608.333 | AO35: =+AM35-AN35 -> 45791.667 | AP35: 5 | AQ35: =+AO35/AP35 -> 9158.3333 | AS35: =-AQ35 -> -9158.3333
A36: 29 | B36: Karachi | C36: 10467 | D36: Waseem ul Haq | E36: Sr. IT Support Executive | F36: Information Technology | G36: 58500 | J36: 8500 | K36: 8500 | L36: =G36*12+H36+J36+K36+I36 -> 719000 | M36: 0 | N36: 0 | O36: 0 | P36: 0 | Q36: =VLOOKUP(C36,Incentives!C30:K369,9,FALSE) -> 0 | R36: 0 | S36: 0 | T36: 0 | Y36: 0 | Z36: 0 | AA36: 0 | AB36: 0 | AC36: 0 | AD36: 0 | AE36: 0 | AF36: 0 | AK36: =SUM(L36:AJ36) -> 719000 | AL36: =AK36/12 -> 59916.667 | AM36: =IF(AK36<=600000,0, IF(AK36<=1200000,(AK36-600000)*0.01, IF(AK36<=2200000,(AK36-1200000)*0.11+6000, IF(AK36<=3200000,(AK36-2200000)*0.23+116000, IF(AK36<=4100000,(AK36-3200000)*0.3+346000, (AK36-4100000)*0.35+616000))))) *(1+IF(AK36>10000000,9%,0)) -> 1190 | AN36: =VLOOKUP(C36,'Paid Tax'!B31:M392,12,FALSE) -> 291.70455 | AO36: =+AM36-AN36 -> 898.29545 | AP36: 5 | AQ36: =+AO36/AP36 -> 179.65909 | AS36: 0 | AT36: Resigned
A37: 30 | B37: Karachi | C37: 10028 | D37: Tariq Shahzad | E37: Director - Marketing & Sales | F37: Sales & Marketing | G37: 442651 | J37: 80000 | K37: 80000 | L37: =G37*12+H37+J37+K37+I37 -> 5471812 | M37: 0 | N37: 0 | O37: 0 | P37: 0 | Q37: =VLOOKUP(C37,Incentives!C31:K370,9,FALSE) -> 0 | R37: 0 | S37: 0 | T37: 0 | Y37: 0 | Z37: 118716 | AA37: 93128 | AB37: 0 | AC37: 89067 | AD37: 0 | AE37: 0 | AF37: 0 | AK37: =SUM(L37:AJ37) -> 5772723 | AL37: =AK37/12 -> 481060.25 | AM37: =IF(AK37<=600000,0, IF(AK37<=1200000,(AK37-600000)*0.01, IF(AK37<=2200000,(AK37-1200000)*0.11+6000, IF(AK37<=3200000,(AK37-2200000)*0.23+116000, IF(AK37<=4100000,(AK37-3200000)*0.3+346000, (AK37-4100000)*0.35+616000))))) *(1+IF(AK37>10000000,9%,0)) -> 1201453 | AN37: =VLOOKUP(C37,'Paid Tax'!B32:M393,12,FALSE) -> 689002.42 | AO37: =+AM37-AN37 -> 512450.63 | AP37: 5 | AQ37: =+AO37/AP37 -> 102490.13 | AS37: =-AQ37 -> -102490.13
A38: 31 | B38: Karachi | C38: 10030 | D38: Muhammad Umer Azeem | E38: Manager, Sales & Marketing | F38: Sales & Marketing | G38: 123614 | J38: 40000 | K38: 40000 | L38: =G38*12+H38+J38+K38+I38 -> 1563368 | M38: 0 | N38: 0 | O38: 0 | P38: 0 | Q38: =VLOOKUP(C38,Incentives!C32:K371,9,FALSE) -> 0 | R38: 0 | S38: 0 | T38: 0 | Y38: 8884 | Z38: 96506 | AA38: 237930 | AB38: 9736 | AC38: 199126 | AD38: 192710 | AE38: 5613 | AF38: 3375 | AK38: =SUM(L38:AJ38) -> 2317248 | AL38: =AK38/12 -> 193104 | AM38: =IF(AK38<=600000,0, IF(AK38<=1200000,(AK38-600000)*0.01, IF(AK38<=2200000,(AK38-1200000)*0.11+6000, IF(AK38<=3200000,(AK38-2200000)*0.23+116000, IF(AK38<=4100000,(AK38-3200000)*0.3+346000, (AK38-4100000)*0.35+616000))))) *(1+IF(AK38>10000000,9%,0)) -> 142967.04 | AN38: =VLOOKUP(C38,'Paid Tax'!B33:M394,12,FALSE) -> 64769.479 | AO38: =+AM38-AN38 -> 78197.561 | AP38: 5 | AQ38: =+AO38/AP38 -> 15639.512 | AS38: =-AQ38 -> -15639.512
A39: 32 | B39: Karachi | C39: 10031 | D39: Hassan Mustafa | E39: Assistant Manager, Sales &Marketing | F39: Sales & Marketing | G39: =75640 -> 75640 | H39: =20000*10 -> 200000 | J39: =40000+40000+40000+40000 -> 160000 | K39: 0 | L39: =G39*12+H39+J39+K39+I39 -> 1267680 | M39: 0 | N39: 0 | O39: 0 | P39: 0 | Q39: =VLOOKUP(C39,Incentives!C33:K372,9,FALSE) -> 0 | R39: 0 | S39: 0 | T39: 0 | Y39: 0 | Z39: 0 | AA39: 30525 | AB39: 0 | AC39: 12400 | AD39: 0 | AE39: 3248 | AF39: 1416 | AK39: =SUM(L39:AJ39) -> 1315269 | AL39: =AK39/12 -> 109605.75 | AM39: =IF(AK39<=600000,0, IF(AK39<=1200000,(AK39-600000)*0.01, IF(AK39<=2200000,(AK39-1200000)*0.11+6000, IF(AK39<=3200000,(AK39-2200000)*0.23+116000, IF(AK39<=4100000,(AK39-3200000)*0.3+346000, (AK39-4100000)*0.35+616000))))) *(1+IF(AK39>10000000,9%,0)) -> 18679.59 | AN39: =VLOOKUP(C39,'Paid Tax'!B34:M395,12,FALSE) -> 7612.7379 | AO39: =+AM39-AN39 -> 11066.852 | AP39: 5 | AQ39: =+AO39/AP39 -> 2213.3704 | AS39: =-AQ39 -> -2213.3704
A40: 33 | B40: Karachi | C40: 10032 | D40: Farjad Latif | E40: Assistant Manager | F40: Sales & Marketing | G40: 75843 | J40: 17500 | K40: 17500 | L40: =G40*12+H40+J40+K40+I40 -> 945116 | M40: 0 | N40: 0 | O40: 0 | P40: 0 | Q40: =VLOOKUP(C40,Incentives!C34:K373,9,FALSE) -> 0 | R40: 0 | S40: 0 | T40: 0 | Y40: 0 | Z40: 10075 | AA40: 8375 | AB40: 4315 | AC40: 3828 | AD40: 3652 | AE40: 5637 | AF40: 2219 | AK40: =SUM(L40:AJ40) -> 983217 | AL40: =AK40/12 -> 81934.75 | AM40: =IF(AK40<=600000,0, IF(AK40<=1200000,(AK40-600000)*0.01, IF(AK40<=2200000,(AK40-1200000)*0.11+6000, IF(AK40<=3200000,(AK40-2200000)*0.23+116000, IF(AK40<=4100000,(AK40-3200000)*0.3+346000, (AK40-4100000)*0.35+616000))))) *(1+IF(AK40>10000000,9%,0)) -> 3832.17 | AN40: =VLOOKUP(C40,'Paid Tax'!B35:M396,12,FALSE) -> 2156.7395 | AO40: =+AM40-AN40 -> 1675.4305 | AP40: 5 | AQ40: =+AO40/AP40 -> 335.0861 | AS40: =-AQ40 -> -335.0861
A41: 34 | B41: Karachi | C41: 10034 | D41: Farhana | E41: BDO | F41: Sales & Marketing | G41: 72589 | J41: 15000 | K41: 15000 | L41: =G41*12+H41+J41+K41+I41 -> 901068 | M41: 0 | N41: 0 | O41: 0 | P41: 0 | Q41: =VLOOKUP(C41,Incentives!C35:K374,9,FALSE) -> 0 | R41: 0 | S41: 0 | T41: 0 | Y41: 5000 | Z41: 14685 | AA41: 11410 | AB41: 750 | AC41: 15350 | AD41: 2250 | AE41: 0 | AF41: 4204 | AK41: =SUM(L41:AJ41) -> 954717 | AL41: =AK41/12 -> 79559.75 | AM41: =IF(AK41<=600000,0, IF(AK41<=1200000,(AK41-600000)*0.01, IF(AK41<=2200000,(AK41-1200000)*0.11+6000, IF(AK41<=3200000,(AK41-2200000)*0.23+116000, IF(AK41<=4100000,(AK41-3200000)*0.3+346000, (AK41-4100000)*0.35+616000))))) *(1+IF(AK41>10000000,9%,0)) -> 3547.17 | AN41: =VLOOKUP(C41,'Paid Tax'!B36:M397,12,FALSE) -> 1984.1893 | AO41: =+AM41-AN41 -> 1562.9807 | AP41: 5 | AQ41: =+AO41/AP41 -> 312.59615 | AS41: =-AQ41 -> -312.59615
A42: 35 | B42: Karachi | C42: 10543 | D42: Amir Rafique Ghouri | E42: Sales Coordinator | F42: Sales & Marketing | G42: 45000 | J42: 0 | K42: 0 | L42: =G42*12+H42+J42+K42+I42 -> 540000 | M42: 0 | N42: 0 | O42: 0 | P42: 0 | Q42: =VLOOKUP(C42,Incentives!C36:K375,9,FALSE) -> 0 | R42: 0 | S42: 0 | T42: 0 | Y42: 0 | Z42: 0 | AA42: 0 | AB42: 0 | AC42: 0 | AD42: 0 | AE42: 0 | AF42: 0 | AK42: =SUM(L42:AJ42) -> 540000 | AL42: =AK42/12 -> 45000 | AM42: =IF(AK42<=600000,0, IF(AK42<=1200000,(AK42-600000)*0.01, IF(AK42<=2200000,(AK42-1200000)*0.11+6000, IF(AK42<=3200000,(AK42-2200000)*0.23+116000, IF(AK42<=4100000,(AK42-3200000)*0.3+346000, (AK42-4100000)*0.35+616000))))) *(1+IF(AK42>10000000,9%,0)) -> 0 | AN42: =VLOOKUP(C42,'Paid Tax'!B37:M398,12,FALSE) -> 0 | AO42: =+AM42-AN42 -> 0 | AP42: 5 | AQ42: =+AO42/AP42 -> 0 | AS42: =-AQ42 -> 0
A43: 36 | B43: Karachi | C43: 10544 | D43: Shahzaib Akhter | E43: BDO | F43: Sales & Marketing | G43: 50000 | J43: 0 | K43: 0 | L43: =G43*12+H43+J43+K43+I43 -> 600000 | M43: 0 | N43: 0 | O43: 0 | P43: 0 | Q43: =VLOOKUP(C43,Incentives!C37:K376,9,FALSE) -> 0 | R43: 0 | S43: 0 | T43: 0 | Y43: 0 | Z43: 0 | AA43: 0 | AB43: 0 | AC43: 0 | AD43: 0 | AE43: 0 | AF43: 0 | AK43: =SUM(L43:AJ43) -> 600000 | AL43: =AK43/12 -> 50000 | AM43: =IF(AK43<=600000,0, IF(AK43<=1200000,(AK43-600000)*0.01, IF(AK43<=2200000,(AK43-1200000)*0.11+6000, IF(AK43<=3200000,(AK43-2200000)*0.23+116000, IF(AK43<=4100000,(AK43-3200000)*0.3+346000, (AK43-4100000)*0.35+616000))))) *(1+IF(AK43>10000000,9%,0)) -> 0 | AN43: =VLOOKUP(C43,'Paid Tax'!B38:M399,12,FALSE) -> 0 | AO43: =+AM43-AN43 -> 0 | AP43: 5 | AQ43: =+AO43/AP43 -> 0 | AS43: =-AQ43 -> 0
A44: 37 | B44: Karachi | C44: 10035 | D44: Riasat Ali | E44: Security Officer | F44: Admin | G44: 45671 | J44: 5000 | K44: 5000 | L44: =G44*12+H44+J44+K44+I44 -> 558052 | M44: 0 | N44: 0 | O44: 0 | P44: 0 | Q44: =VLOOKUP(C44,Incentives!C38:K377,9,FALSE) -> 0 | R44: 0 | S44: 0 | T44: 0 | Y44: 0 | Z44: 0 | AA44: 0 | AB44: 0 | AC44: 0 | AD44: 0 | AE44: 0 | AF44: 0 | AK44: =SUM(L44:AJ44) -> 558052 | AL44: =AK44/12 -> 46504.333 | AM44: =IF(AK44<=600000,0, IF(AK44<=1200000,(AK44-600000)*0.01, IF(AK44<=2200000,(AK44-1200000)*0.11+6000, IF(AK44<=3200000,(AK44-2200000)*0.23+116000, IF(AK44<=4100000,(AK44-3200000)*0.3+346000, (AK44-4100000)*0.35+616000))))) *(1+IF(AK44>10000000,9%,0)) -> 0 | AN44: =VLOOKUP(C44,'Paid Tax'!B39:M400,12,FALSE) -> 0 | AO44: =+AM44-AN44 -> 0 | AP44: 5 | AQ44: =+AO44/AP44 -> 0 | AS44: =-AQ44 -> 0
A45: 38 | B45: Karachi | C45: 10037 | D45: Ali Muhammad | E45: Driver | F45: Admin | G45: 63897 | J45: 10000 | K45: 10000 | L45: =G45*12+H45+J45+K45+I45 -> 786764 | M45: 0 | N45: 0 | O45: 0 | P45: 0 | Q45: =VLOOKUP(C45,Incentives!C39:K378,9,FALSE) -> 0 | R45: 0 | S45: 0 | T45: 0 | Y45: 0 | Z45: 0 | AA45: 0 | AB45: 0 | AC45: 0 | AD45: 0 | AE45: 0 | AF45: 0 | AK45: =SUM(L45:AJ45) -> 786764 | AL45: =AK45/12 -> 65563.667 | AM45: =IF(AK45<=600000,0, IF(AK45<=1200000,(AK45-600000)*0.01, IF(AK45<=2200000,(AK45-1200000)*0.11+6000, IF(AK45<=3200000,(AK45-2200000)*0.23+116000, IF(AK45<=4100000,(AK45-3200000)*0.3+346000, (AK45-4100000)*0.35+616000))))) *(1+IF(AK45>10000000,9%,0)) -> 1867.64 | AN45: =VLOOKUP(C45,'Paid Tax'!B40:M401,12,FALSE) -> 1085.6688 | AO45: =+AM45-AN45 -> 781.97121 | AP45: 5 | AQ45: =+AO45/AP45 -> 156.39424 | AS45: =-AQ45 -> -156.39424
A46: 39 | B46: Karachi | C46: 10038 | D46: Muhammad Riyasat | E46: Housekeeping Staff | F46: Admin | G46: 59662 | J46: 8000 | K46: 8000 | L46: =G46*12+H46+J46+K46+I46 -> 731944 | M46: 0 | N46: 0 | O46: 0 | P46: 0 | Q46: =VLOOKUP(C46,Incentives!C40:K379,9,FALSE) -> 0 | R46: 0 | S46: 0 | T46: 0 | Y46: 0 | Z46: 0 | AA46: 0 | AB46: 0 | AC46: 0 | AD46: 0 | AE46: 0 | AF46: 0 | AK46: =SUM(L46:AJ46) -> 731944 | AL46: =AK46/12 -> 60995.333 | AM46: =IF(AK46<=600000,0, IF(AK46<=1200000,(AK46-600000)*0.01, IF(AK46<=2200000,(AK46-1200000)*0.11+6000, IF(AK46<=3200000,(AK46-2200000)*0.23+116000, IF(AK46<=4100000,(AK46-3200000)*0.3+346000, (AK46-4100000)*0.35+616000))))) *(1+IF(AK46>10000000,9%,0)) -> 1319.44 | AN46: =VLOOKUP(C46,'Paid Tax'!B41:M402,12,FALSE) -> 766.64303 | AO46: =+AM46-AN46 -> 552.79697 | AP46: 5 | AQ46: =+AO46/AP46 -> 110.55939 | AS46: =-AQ46 -> -110.55939
A47: 40 | B47: Karachi | C47: 10039 | D47: Farmanullah Khan | E47: Driver | F47: Admin | G47: 54023 | J47: 8000 | K47: 8000 | L47: =G47*12+H47+J47+K47+I47 -> 664276 | M47: 0 | N47: 0 | O47: 0 | P47: 0 | Q47: =VLOOKUP(C47,Incentives!C41:K380,9,FALSE) -> 0 | R47: 0 | S47: 0 | T47: 0 | Y47: 0 | Z47: 0 | AA47: 0 | AB47: 0 | AC47: 0 | AD47: 0 | AE47: 0 | AF47: 0 | AK47: =SUM(L47:AJ47) -> 664276 | AL47: =AK47/12 -> 55356.333 | AM47: =IF(AK47<=600000,0, IF(AK47<=1200000,(AK47-600000)*0.01, IF(AK47<=2200000,(AK47-1200000)*0.11+6000, IF(AK47<=3200000,(AK47-2200000)*0.23+116000, IF(AK47<=4100000,(AK47-3200000)*0.3+346000, (AK47-4100000)*0.35+616000))))) *(1+IF(AK47>10000000,9%,0)) -> 642.76 | AN47: =VLOOKUP(C47,'Paid Tax'!B42:M403,12,FALSE) -> 371.91303 | AO47: =+AM47-AN47 -> 270.84697 | AP47: 5 | AQ47: =+AO47/AP47 -> 54.169394 | AS47: =-AQ47 -> -54.169394
A48: 41 | B48: Karachi | C48: 10299 | D48: Karan Kumar | E48: Housekeeping Staff | F48: Admin | G48: 33143 | J48: 3483 | K48: 3483 | L48: =G48*12+H48+J48+K48+I48 -> 404682 | M48: 0 | N48: 0 | O48: 0 | P48: 0 | Q48: =VLOOKUP(C48,Incentives!C42:K381,9,FALSE) -> 0 | R48: 0 | S48: 0 | T48: 0 | Y48: 0 | Z48: 0 | AA48: 0 | AB48: 0 | AC48: 0 | AD48: 0 | AE48: 0 | AF48: 0 | AK48: =SUM(L48:AJ48) -> 404682 | AL48: =AK48/12 -> 33723.5 | AM48: =IF(AK48<=600000,0, IF(AK48<=1200000,(AK48-600000)*0.01, IF(AK48<=2200000,(AK48-1200000)*0.11+6000, IF(AK48<=3200000,(AK48-2200000)*0.23+116000, IF(AK48<=4100000,(AK48-3200000)*0.3+346000, (AK48-4100000)*0.35+616000))))) *(1+IF(AK48>10000000,9%,0)) -> 0 | AN48: =VLOOKUP(C48,'Paid Tax'!B43:M404,12,FALSE) -> 0 | AO48: =+AM48-AN48 -> 0 | AP48: 5 | AQ48: =+AO48/AP48 -> 0 | AS48: =-AQ48 -> 0
A49: 42 | B49: Karachi | C49: 10300 | D49: Vishal Fazal | E49: Housekeeping Staff | F49: Admin | G49: 33143 | J49: 3483 | K49: 3483 | L49: =G49*12+H49+J49+K49+I49 -> 404682 | M49: 0 | N49: 0 | O49: 0 | P49: 0 | Q49: =VLOOKUP(C49,Incentives!C43:K382,9,FALSE) -> 0 | R49: 0 | S49: 0 | T49: 0 | Y49: 0 | Z49: 0 | AA49: 0 | AB49: 0 | AC49: 0 | AD49: 0 | AE49: 0 | AF49: 0 | AK49: =SUM(L49:AJ49) -> 404682 | AL49: =AK49/12 -> 33723.5 | AM49: =IF(AK49<=600000,0, IF(AK49<=1200000,(AK49-600000)*0.01, IF(AK49<=2200000,(AK49-1200000)*0.11+6000, IF(AK49<=3200000,(AK49-2200000)*0.23+116000, IF(AK49<=4100000,(AK49-3200000)*0.3+346000, (AK49-4100000)*0.35+616000))))) *(1+IF(AK49>10000000,9%,0)) -> 0 | AN49: =VLOOKUP(C49,'Paid Tax'!B44:M405,12,FALSE) -> 0 | AO49: =+AM49-AN49 -> 0 | AP49: 5 | AQ49: =+AO49/AP49 -> 0 | AS49: =-AQ49 -> 0
A50: 43 | B50: Karachi | C50: 10042 | D50: Wasif | E50: Housekeeping Staff | F50: Admin | G50: 35689 | J50: 3604.25 | K50: 3604.25 | L50: =G50*12+H50+J50+K50+I50 -> 435476.5 | M50: 0 | N50: 0 | O50: 0 | P50: 0 | Q50: =VLOOKUP(C50,Incentives!C44:K383,9,FALSE) -> 0 | R50: 0 | S50: 0 | T50: 0 | Y50: 0 | Z50: 0 | AA50: 0 | AB50: 0 | AC50: 0 | AD50: 0 | AE50: 0 | AF50: 0 | AK50: =SUM(L50:AJ50) -> 435476.5 | AL50: =AK50/12 -> 36289.708 | AM50: =IF(AK50<=600000,0, IF(AK50<=1200000,(AK50-600000)*0.01, IF(AK50<=2200000,(AK50-1200000)*0.11+6000, IF(AK50<=3200000,(AK50-2200000)*0.23+116000, IF(AK50<=4100000,(AK50-3200000)*0.3+346000, (AK50-4100000)*0.35+616000))))) *(1+IF(AK50>10000000,9%,0)) -> 0 | AN50: =VLOOKUP(C50,'Paid Tax'!B45:M406,12,FALSE) -> 0 | AO50: =+AM50-AN50 -> 0 | AP50: 5 | AQ50: =+AO50/AP50 -> 0 | AS50: =-AQ50 -> 0
A51: 44 | B51: Karachi | C51: 10308 | D51: Sunil | E51: Housekeeping Staff | F51: Admin | G51: 33143 | J51: 3483 | K51: 3483 | L51: =G51*12+H51+J51+K51+I51 -> 404682 | M51: 0 | N51: 0 | O51: 0 | P51: 0 | Q51: =VLOOKUP(C51,Incentives!C45:K384,9,FALSE) -> 0 | R51: 0 | S51: 0 | T51: 0 | Y51: 0 | Z51: 0 | AA51: 0 | AB51: 0 | AC51: 0 | AD51: 0 | AE51: 0 | AF51: 0 | AK51: =SUM(L51:AJ51) -> 404682 | AL51: =AK51/12 -> 33723.5 | AM51: =IF(AK51<=600000,0, IF(AK51<=1200000,(AK51-600000)*0.01, IF(AK51<=2200000,(AK51-1200000)*0.11+6000, IF(AK51<=3200000,(AK51-2200000)*0.23+116000, IF(AK51<=4100000,(AK51-3200000)*0.3+346000, (AK51-4100000)*0.35+616000))))) *(1+IF(AK51>10000000,9%,0)) -> 0 | AN51: =VLOOKUP(C51,'Paid Tax'!B46:M407,12,FALSE) -> 0 | AO51: =+AM51-AN51 -> 0 | AP51: 5 | AQ51: =+AO51/AP51 -> 0 | AS51: =-AQ51 -> 0
A52: 45 | B52: Karachi | C52: 10043 | D52: Muhammad Asad Khan | E52: Assistant Manager, Technical | F52: Technical | G52: 58543 | J52: 0 | K52: 0 | L52: =G52*12+H52+J52+K52+I52 -> 702516 | M52: 0 | N52: 0 | O52: 0 | P52: 0 | Q52: =VLOOKUP(C52,Incentives!C46:K385,9,FALSE) -> 0 | R52: 0 | S52: 0 | T52: 0 | Y52: 0 | Z52: 0 | AA52: 2750 | AB52: 0 | AC52: 0 | AD52: 0 | AE52: 0 | AF52: 0 | AK52: =SUM(L52:AJ52) -> 705266 | AL52: =AK52/12 -> 58772.167 | AM52: =IF(AK52<=600000,0, IF(AK52<=1200000,(AK52-600000)*0.01, IF(AK52<=2200000,(AK52-1200000)*0.11+6000, IF(AK52<=3200000,(AK52-2200000)*0.23+116000, IF(AK52<=4100000,(AK52-3200000)*0.3+346000, (AK52-4100000)*0.35+616000))))) *(1+IF(AK52>10000000,9%,0)) -> 1052.66 | AN52: =VLOOKUP(C52,'Paid Tax'!B47:M408,12,FALSE) -> 347.22 | AO52: =+AM52-AN52 -> 705.44 | AP52: 5 | AQ52: =+AO52/AP52 -> 141.088 | AS52: 0 | AT52: Resigned
A53: 46 | B53: Karachi | C53: 20015 | D53: Mashooq Ali Hyder | E53: Housekeeping Staff | F53: Admin | G53: 40038 | J53: 5000 | K53: 5000 | L53: =G53*12+H53+J53+K53+I53 -> 490456 | M53: 0 | N53: 0 | O53: 0 | P53: 0 | Q53: =VLOOKUP(C53,Incentives!C47:K386,9,FALSE) -> 0 | R53: 0 | S53: 0 | T53: 0 | Y53: 0 | Z53: 0 | AA53: 0 | AB53: 0 | AC53: 0 | AD53: 0 | AE53: 0 | AF53: 0 | AK53: =SUM(L53:AJ53) -> 490456 | AL53: =AK53/12 -> 40871.333 | AM53: =IF(AK53<=600000,0, IF(AK53<=1200000,(AK53-600000)*0.01, IF(AK53<=2200000,(AK53-1200000)*0.11+6000, IF(AK53<=3200000,(AK53-2200000)*0.23+116000, IF(AK53<=4100000,(AK53-3200000)*0.3+346000, (AK53-4100000)*0.35+616000))))) *(1+IF(AK53>10000000,9%,0)) -> 0 | AN53: =VLOOKUP(C53,'Paid Tax'!B48:M409,12,FALSE) -> 0 | AO53: =+AM53-AN53 -> 0 | AP53: 5 | AQ53: =+AO53/AP53 -> 0 | AS53: =-AQ53 -> 0
A54: 47 | B54: Karachi | C54: 20033 | D54: Fahim Ali | E54: Driver | F54: Admin | G54: 34671 | J54: 5000 | K54: 5000 | L54: =G54*12+H54+J54+K54+I54 -> 426052 | M54: 0 | N54: 0 | O54: 0 | P54: 0 | Q54: =VLOOKUP(C54,Incentives!C48:K387,9,FALSE) -> 0 | R54: 0 | S54: 0 | T54: 0 | Y54: 0 | Z54: 0 | AA54: 0 | AB54: 0 | AC54: 0 | AD54: 0 | AE54: 0 | AF54: 0 | AK54: =SUM(L54:AJ54) -> 426052 | AL54: =AK54/12 -> 35504.333 | AM54: =IF(AK54<=600000,0, IF(AK54<=1200000,(AK54-600000)*0.01, IF(AK54<=2200000,(AK54-1200000)*0.11+6000, IF(AK54<=3200000,(AK54-2200000)*0.23+116000, IF(AK54<=4100000,(AK54-3200000)*0.3+346000, (AK54-4100000)*0.35+616000))))) *(1+IF(AK54>10000000,9%,0)) -> 0 | AN54: =VLOOKUP(C54,'Paid Tax'!B49:M410,12,FALSE) -> 0 | AO54: =+AM54-AN54 -> 0 | AP54: 5 | AQ54: =+AO54/AP54 -> 0 | AS54: =-AQ54 -> 0
A55: 48 | B55: Karachi | C55: 40017 | D55: Mujahid | E55: Driver | F55: Admin | G55: 46550 | J55: 5550 | K55: 5550 | L55: =G55*12+H55+J55+K55+I55 -> 569700 | M55: 0 | N55: 0 | O55: 0 | P55: 0 | Q55: =VLOOKUP(C55,Incentives!C49:K388,9,FALSE) -> 0 | R55: 0 | S55: 0 | T55: 0 | Y55: 0 | Z55: 0 | AA55: 0 | AB55: 0 | AC55: 0 | AD55: 0 | AE55: 0 | AF55: 0 | AK55: =SUM(L55:AJ55) -> 569700 | AL55: =AK55/12 -> 47475 | AM55: =IF(AK55<=600000,0, IF(AK55<=1200000,(AK55-600000)*0.01, IF(AK55<=2200000,(AK55-1200000)*0.11+6000, IF(AK55<=3200000,(AK55-2200000)*0.23+116000, IF(AK55<=4100000,(AK55-3200000)*0.3+346000, (AK55-4100000)*0.35+616000))))) *(1+IF(AK55>10000000,9%,0)) -> 0 | AN55: =VLOOKUP(C55,'Paid Tax'!B50:M411,12,FALSE) -> 0 | AO55: =+AM55-AN55 -> 0 | AP55: 5 | AQ55: =+AO55/AP55 -> 0 | AS55: =-AQ55 -> 0
A56: 49 | B56: Karachi | C56: 10500 | D56: Silvester | E56: Housekeeping Staff | F56: Admin | G56: 33000 | J56: 0 | K56: 0 | L56: =G56*12+H56+J56+K56+I56 -> 396000 | M56: 0 | N56: 0 | O56: 0 | P56: 0 | Q56: =VLOOKUP(C56,Incentives!C50:K389,9,FALSE) -> 0 | R56: 0 | S56: 0 | T56: 0 | Y56: 0 | Z56: 0 | AA56: 0 | AB56: 0 | AC56: 0 | AD56: 0 | AE56: 0 | AF56: 0 | AK56: =SUM(L56:AJ56) -> 396000 | AL56: =AK56/12 -> 33000 | AM56: =IF(AK56<=600000,0, IF(AK56<=1200000,(AK56-600000)*0.01, IF(AK56<=2200000,(AK56-1200000)*0.11+6000, IF(AK56<=3200000,(AK56-2200000)*0.23+116000, IF(AK56<=4100000,(AK56-3200000)*0.3+346000, (AK56-4100000)*0.35+616000))))) *(1+IF(AK56>10000000,9%,0)) -> 0 | AN56: =VLOOKUP(C56,'Paid Tax'!B51:M412,12,FALSE) -> 0 | AO56: =+AM56-AN56 -> 0 | AP56: 5 | AQ56: =+AO56/AP56 -> 0 | AS56: =-AQ56 -> 0
A57: 50 | B57: Karachi | C57: 20055 | D57: Shaool Arnold | E57: CRO | F57: Control Center | G57: 32925 | J57: 3262.82 | K57: 3262.82 | L57: =G57*12+H57+J57+K57+I57 -> 401625.64 | M57: 0 | N57: 0 | O57: 0 | P57: 0 | Q57: =VLOOKUP(C57,Incentives!C51:K390,9,FALSE) -> 0 | R57: 0 | S57: 0 | T57: 0 | Y57: 0 | Z57: 0 | AA57: 0 | AB57: 0 | AC57: 0 | AD57: 0 | AE57: 0 | AF57: 0 | AK57: =SUM(L57:AJ57) -> 401625.64 | AL57: =AK57/12 -> 33468.803 | AM57: =IF(AK57<=600000,0, IF(AK57<=1200000,(AK57-600000)*0.01, IF(AK57<=2200000,(AK57-1200000)*0.11+6000, IF(AK57<=3200000,(AK57-2200000)*0.23+116000, IF(AK57<=4100000,(AK57-3200000)*0.3+346000, (AK57-4100000)*0.35+616000))))) *(1+IF(AK57>10000000,9%,0)) -> 0 | AN57: =VLOOKUP(C57,'Paid Tax'!B52:M413,12,FALSE) -> 0 | AO57: =+AM57-AN57 -> 0 | AP57: 5 | AQ57: =+AO57/AP57 -> 0 | AS57: =-AQ57 -> 0
A58: 51 | B58: Karachi | C58: 10044 | D58: Muhammad Imran | E58: Technician | F58: Technical | G58: 23614 | J58: 0 | K58: 0 | L58: =G58*12+H58+J58+K58+I58 -> 283368 | M58: 0 | N58: 0 | O58: 0 | P58: 0 | Q58: =VLOOKUP(C58,Incentives!C52:K391,9,FALSE) -> 0 | R58: 0 | S58: 0 | T58: 0 | Y58: 0 | Z58: 0 | AA58: 0 | AB58: 0 | AC58: 0 | AD58: 0 | AE58: 0 | AF58: 0 | AK58: =SUM(L58:AJ58) -> 283368 | AL58: =AK58/12 -> 23614 | AM58: =IF(AK58<=600000,0, IF(AK58<=1200000,(AK58-600000)*0.01, IF(AK58<=2200000,(AK58-1200000)*0.11+6000, IF(AK58<=3200000,(AK58-2200000)*0.23+116000, IF(AK58<=4100000,(AK58-3200000)*0.3+346000, (AK58-4100000)*0.35+616000))))) *(1+IF(AK58>10000000,9%,0)) -> 0 | AN58: =VLOOKUP(C58,'Paid Tax'!B53:M414,12,FALSE) -> 0 | AO58: =+AM58-AN58 -> 0 | AP58: 5 | AQ58: =+AO58/AP58 -> 0 | AS58: =-AQ58 -> 0
A59: 52 | B59: Karachi | C59: 10045 | D59: Ghazi Naveed Hussain | E59: Technician | F59: Technical | G59: 42531 | J59: 4882.45 | K59: 4882.45 | L59: =G59*12+H59+J59+K59+I59 -> 520136.9 | M59: 24480 | N59: 2070 | O59: 6120 | P59: 6120 | Q59: =VLOOKUP(C59,Incentives!C53:K392,9,FALSE) -> 15390 | R59: 1590 | S59: 23520 | T59: 11970 | Y59: 0 | Z59: 0 | AA59: 0 | AB59: 0 | AC59: 0 | AD59: 0 | AE59: 0 | AF59: 0 | AK59: =SUM(L59:AJ59) -> 611396.9 | AL59: =AK59/12 -> 50949.742 | AM59: =IF(AK59<=600000,0, IF(AK59<=1200000,(AK59-600000)*0.01, IF(AK59<=2200000,(AK59-1200000)*0.11+6000, IF(AK59<=3200000,(AK59-2200000)*0.23+116000, IF(AK59<=4100000,(AK59-3200000)*0.3+346000, (AK59-4100000)*0.35+616000))))) *(1+IF(AK59>10000000,9%,0)) -> 113.969 | AN59: =VLOOKUP(C59,'Paid Tax'!B54:M415,12,FALSE) -> 0 | AO59: =+AM59-AN59 -> 113.969 | AP59: 12 | AQ59: =+AO59/AP59 -> 9.4974167 | AR59: First time tax will be / by 12 | AS59: =-AQ59 -> -9.4974167
A60: 53 | B60: Karachi | C60: 20013 | D60: Kamran Afzal | E60: Technician | F60: Technical | G60: 31906 | J60: 3186 | K60: 3186 | L60: =G60*12+H60+J60+K60+I60 -> 389244 | M60: 3240 | N60: 1800 | O60: 3520 | P60: 9360 | Q60: =VLOOKUP(C60,Incentives!C54:K393,9,FALSE) -> 6900 | R60: 1590 | S60: 5915 | T60: 5460 | Y60: 0 | Z60: 0 | AA60: 0 | AB60: 0 | AC60: 0 | AD60: 0 | AE60: 0 | AF60: 0 | AK60: =SUM(L60:AJ60) -> 427029 | AL60: =AK60/12 -> 35585.75 | AM60: =IF(AK60<=600000,0, IF(AK60<=1200000,(AK60-600000)*0.01, IF(AK60<=2200000,(AK60-1200000)*0.11+6000, IF(AK60<=3200000,(AK60-2200000)*0.23+116000, IF(AK60<=4100000,(AK60-3200000)*0.3+346000, (AK60-4100000)*0.35+616000))))) *(1+IF(AK60>10000000,9%,0)) -> 0 | AN60: =VLOOKUP(C60,'Paid Tax'!B55:M416,12,FALSE) -> 0 | AO60: =+AM60-AN60 -> 0 | AP60: 5 | AQ60: =+AO60/AP60 -> 0 | AS60: =-AQ60 -> 0
A61: 54 | B61: Karachi | C61: 10047 | D61: Mohsin Raza | E61: Technician | F61: Technical | G61: 47876 | J61: 5136.95 | K61: 5136.95 | L61: =G61*12+H61+J61+K61+I61 -> 584785.9 | M61: 13000 | N61: 12400 | O61: 6120 | P61: 2160 | Q61: =VLOOKUP(C61,Incentives!C55:K394,9,FALSE) -> 30780 | R61: 30360 | S61: 17690 | T61: 22800 | Y61: 0 | Z61: 0 | AA61: 0 | AB61: 0 | AC61: 0 | AD61: 15000 | AE61: 0 | AF61: 0 | AK61: =SUM(L61:AJ61) -> 735095.9 | AL61: =AK61/12 -> 61257.992 | AM61: =IF(AK61<=600000,0, IF(AK61<=1200000,(AK61-600000)*0.01, IF(AK61<=2200000,(AK61-1200000)*0.11+6000, IF(AK61<=3200000,(AK61-2200000)*0.23+116000, IF(AK61<=4100000,(AK61-3200000)*0.3+346000, (AK61-4100000)*0.35+616000))))) *(1+IF(AK61>10000000,9%,0)) -> 1350.959 | AN61: =VLOOKUP(C61,'Paid Tax'!B56:M417,12,FALSE) -> 329.09097 | AO61: =+AM61-AN61 -> 1021.868 | AP61: 6 | AQ61: =+AO61/AP61 -> 170.31134 | AR61: First time tax will be / by 6 | AS61: =-AQ61 -> -170.31134
A62: 55 | B62: Karachi | C62: 10048 | D62: Muhammad Imran Khan | E62: Technician | F62: Technical | G62: 32505 | J62: 3214.5 | K62: 3214.5 | L62: =G62*12+H62+J62+K62+I62 -> 396489 | M62: 0 | N62: 0 | O62: 0 | P62: 0 | Q62: =VLOOKUP(C62,Incentives!C56:K395,9,FALSE) -> 0 | R62: 0 | S62: 0 | T62: 0 | Y62: 0 | Z62: 0 | AA62: 0 | AB62: 0 | AC62: 0 | AD62: 0 | AE62: 0 | AF62: 0 | AK62: =SUM(L62:AJ62) -> 396489 | AL62: =AK62/12 -> 33040.75 | AM62: =IF(AK62<=600000,0, IF(AK62<=1200000,(AK62-600000)*0.01, IF(AK62<=2200000,(AK62-1200000)*0.11+6000, IF(AK62<=3200000,(AK62-2200000)*0.23+116000, IF(AK62<=4100000,(AK62-3200000)*0.3+346000, (AK62-4100000)*0.35+616000))))) *(1+IF(AK62>10000000,9%,0)) -> 0 | AN62: =VLOOKUP(C62,'Paid Tax'!B57:M418,12,FALSE) -> 0 | AO62: =+AM62-AN62 -> 0 | AP62: 5 | AQ62: =+AO62/AP62 -> 0 | AS62: =-AQ62 -> 0
A63: 56 | B63: Karachi | C63: 10049 | D63: Afser Ali Khan | E63: Assistant Manager, Inventory | F63: Inventory & Procurement | G63: 52957 | J63: 8236.05 | K63: 8236.05 | L63: =G63*12+H63+J63+K63+I63 -> 651956.1 | M63: 0 | N63: 0 | O63: 0 | P63: 0 | Q63: =VLOOKUP(C63,Incentives!C57:K396,9,FALSE) -> 0 | R63: 0 | S63: 0 | T63: 0 | Y63: 0 | Z63: 0 | AA63: 0 | AB63: 0 | AC63: 0 | AD63: 0 | AE63: 0 | AF63: 0 | AK63: =SUM(L63:AJ63) -> 651956.1 | AL63: =AK63/12 -> 54329.675 | AM63: =IF(AK63<=600000,0, IF(AK63<=1200000,(AK63-600000)*0.01, IF(AK63<=2200000,(AK63-1200000)*0.11+6000, IF(AK63<=3200000,(AK63-2200000)*0.23+116000, IF(AK63<=4100000,(AK63-3200000)*0.3+346000, (AK63-4100000)*0.35+616000))))) *(1+IF(AK63>10000000,9%,0)) -> 519.561 | AN63: =VLOOKUP(C63,'Paid Tax'!B58:M419,12,FALSE) -> 299.95753 | AO63: =+AM63-AN63 -> 219.60347 | AP63: 5 | AQ63: =+AO63/AP63 -> 43.920693 | AS63: =-AQ63 -> -43.920693
A64: 57 | B64: Karachi | C64: 20014 | D64: Adnan Abdul Rasheed | E64: Executive | F64: Inventory & Procurement | G64: 45356 | J64: 4159.8 | K64: 4159.8 | L64: =G64*12+H64+J64+K64+I64 -> 552591.6 | M64: 0 | N64: 0 | O64: 0 | P64: 0 | Q64: =VLOOKUP(C64,Incentives!C58:K397,9,FALSE) -> 0 | R64: 0 | S64: 0 | T64: 0 | Y64: 0 | Z64: 0 | AA64: 0 | AB64: 0 | AC64: 0 | AD64: 0 | AE64: 0 | AF64: 0 | AK64: =SUM(L64:AJ64) -> 552591.6 | AL64: =AK64/12 -> 46049.3 | AM64: =IF(AK64<=600000,0, IF(AK64<=1200000,(AK64-600000)*0.01, IF(AK64<=2200000,(AK64-1200000)*0.11+6000, IF(AK64<=3200000,(AK64-2200000)*0.23+116000, IF(AK64<=4100000,(AK64-3200000)*0.3+346000, (AK64-4100000)*0.35+616000))))) *(1+IF(AK64>10000000,9%,0)) -> 0 | AN64: =VLOOKUP(C64,'Paid Tax'!B59:M420,12,FALSE) -> 0 | AO64: =+AM64-AN64 -> 0 | AP64: 5 | AQ64: =+AO64/AP64 -> 0 | AS64: =-AQ64 -> 0
A65: 58 | B65: Karachi | C65: 10412 | D65: Shariq Ahmed | E65: Technician | F65: Technical | G65: 33450 | J65: 4450 | K65: 4450 | L65: =G65*12+H65+J65+K65+I65 -> 410300 | M65: 4650 | N65: 9200 | O65: 0 | P65: 0 | Q65: =VLOOKUP(C65,Incentives!C59:K398,9,FALSE) -> 0 | R65: 0 | S65: 0 | T65: 0 | Y65: 0 | Z65: 0 | AA65: 0 | AB65: 0 | AC65: 0 | AD65: 0 | AE65: 0 | AF65: 0 | AK65: =SUM(L65:AJ65) -> 424150 | AL65: =AK65/12 -> 35345.833 | AM65: =IF(AK65<=600000,0, IF(AK65<=1200000,(AK65-600000)*0.01, IF(AK65<=2200000,(AK65-1200000)*0.11+6000, IF(AK65<=3200000,(AK65-2200000)*0.23+116000, IF(AK65<=4100000,(AK65-3200000)*0.3+346000, (AK65-4100000)*0.35+616000))))) *(1+IF(AK65>10000000,9%,0)) -> 0 | AN65: =VLOOKUP(C65,'Paid Tax'!B60:M421,12,FALSE) -> 0 | AO65: =+AM65-AN65 -> 0 | AP65: 5 | AQ65: =+AO65/AP65 -> 0 | AS65: =-AQ65 -> 0
A66: 59 | B66: Karachi | C66: 10413 | D66: Owais Raza | E66: Technician | F66: Technical | G66: 33450 | J66: 4450 | K66: 4450 | L66: =G66*12+H66+J66+K66+I66 -> 410300 | M66: 9200 | N66: 9360 | O66: 25440 | P66: 15720 | Q66: =VLOOKUP(C66,Incentives!C60:K399,9,FALSE) -> 17690 | R66: 20400 | S66: 22320 | T66: 17940 | Y66: 0 | Z66: 0 | AA66: 0 | AB66: 0 | AC66: 0 | AD66: 0 | AE66: 0 | AF66: 0 | AK66: =SUM(L66:AJ66) -> 548370 | AL66: =AK66/12 -> 45697.5 | AM66: =IF(AK66<=600000,0, IF(AK66<=1200000,(AK66-600000)*0.01, IF(AK66<=2200000,(AK66-1200000)*0.11+6000, IF(AK66<=3200000,(AK66-2200000)*0.23+116000, IF(AK66<=4100000,(AK66-3200000)*0.3+346000, (AK66-4100000)*0.35+616000))))) *(1+IF(AK66>10000000,9%,0)) -> 0 | AN66: =VLOOKUP(C66,'Paid Tax'!B61:M422,12,FALSE) -> 0 | AO66: =+AM66-AN66 -> 0 | AP66: 5 | AQ66: =+AO66/AP66 -> 0 | AS66: =-AQ66 -> 0
A67: 60 | B67: Karachi | C67: 10054 | D67: Mairaj ul Haq | E67: Sales Coordinator | F67: Sales & Marketing | G67: 48801 | J67: 0 | K67: 0 | L67: =G67*12+H67+J67+K67+I67 -> 585612 | M67: 0 | N67: 0 | O67: 0 | P67: 0 | Q67: =VLOOKUP(C67,Incentives!C61:K400,9,FALSE) -> 0 | R67: 0 | S67: 0 | T67: 0 | Y67: 0 | Z67: 0 | AA67: 0 | AB67: 0 | AC67: 0 | AD67: 0 | AE67: 0 | AF67: 0 | AK67: =SUM(L67:AJ67) -> 585612 | AL67: =AK67/12 -> 48801 | AM67: =IF(AK67<=600000,0, IF(AK67<=1200000,(AK67-600000)*0.01, IF(AK67<=2200000,(AK67-1200000)*0.11+6000, IF(AK67<=3200000,(AK67-2200000)*0.23+116000, IF(AK67<=4100000,(AK67-3200000)*0.3+346000, (AK67-4100000)*0.35+616000))))) *(1+IF(AK67>10000000,9%,0)) -> 0 | AN67: =VLOOKUP(C67,'Paid Tax'!B62:M423,12,FALSE) -> 0 | AO67: =+AM67-AN67 -> 0 | AP67: 5 | AQ67: =+AO67/AP67 -> 0 | AS67: =-AQ67 -> 0
A68: 61 | B68: Karachi | C68: 10056 | D68: Muhammad Jawad Ali Khan | E68: Assistant Manager, Diagnostics | F68: Diagnostics & Harness | G68: 53403 | J68: 7305.15 | K68: 7305.15 | L68: =G68*12+H68+J68+K68+I68 -> 655446.3 | M68: 0 | N68: 0 | O68: 0 | P68: 0 | Q68: =VLOOKUP(C68,Incentives!C62:K401,9,FALSE) -> 0 | R68: 0 | S68: 0 | T68: 0 | Y68: 0 | Z68: 0 | AA68: 0 | AB68: 0 | AC68: 0 | AD68: 0 | AE68: 0 | AF68: 0 | AK68: =SUM(L68:AJ68) -> 655446.3 | AL68: =AK68/12 -> 54620.525 | AM68: =IF(AK68<=600000,0, IF(AK68<=1200000,(AK68-600000)*0.01, IF(AK68<=2200000,(AK68-1200000)*0.11+6000, IF(AK68<=3200000,(AK68-2200000)*0.23+116000, IF(AK68<=4100000,(AK68-3200000)*0.3+346000, (AK68-4100000)*0.35+616000))))) *(1+IF(AK68>10000000,9%,0)) -> 554.463 | AN68: =VLOOKUP(C68,'Paid Tax'!B63:M424,12,FALSE) -> 320.66965 | AO68: =+AM68-AN68 -> 233.79335 | AP68: 5 | AQ68: =+AO68/AP68 -> 46.75867 | AS68: =-AQ68 -> -46.75867
A69: 62 | B69: Karachi | C69: 10058 | D69: Zeeshan Noor | E69: Technician Harness Production | F69: Diagnostics & Harness | G69: 39001 | J69: 4523.85 | K69: 4523.85 | L69: =G69*12+H69+J69+K69+I69 -> 477059.7 | M69: 2860 | N69: 1540 | O69: 2220 | P69: 2080 | Q69: 2480 | R69: 3020 | S69: 3140 | T69: 3340 | Y69: 0 | Z69: 0 | AA69: 0 | AB69: 0 | AC69: 0 | AD69: 0 | AE69: 0 | AF69: 0 | AK69: =SUM(L69:AJ69) -> 497739.7 | AL69: =AK69/12 -> 41478.308 | AM69: =IF(AK69<=600000,0, IF(AK69<=1200000,(AK69-600000)*0.01, IF(AK69<=2200000,(AK69-1200000)*0.11+6000, IF(AK69<=3200000,(AK69-2200000)*0.23+116000, IF(AK69<=4100000,(AK69-3200000)*0.3+346000, (AK69-4100000)*0.35+616000))))) *(1+IF(AK69>10000000,9%,0)) -> 0 | AN69: =VLOOKUP(C69,'Paid Tax'!B64:M425,12,FALSE) -> 0 | AO69: =+AM69-AN69 -> 0 | AP69: 5 | AQ69: =+AO69/AP69 -> 0 | AS69: =-AQ69 -> 0
A70: 63 | B70: Karachi | C70: 10059 | D70: Muhammad Mansoor | E70: Technician Harness Production | F70: Diagnostics & Harness | G70: 45804 | J70: 5535.9 | K70: 5535.9 | L70: =G70*12+H70+J70+K70+I70 -> 560719.8 | M70: 3680 | N70: 3740 | O70: 3820 | P70: 3740 | Q70: 3620 | R70: 3680 | S70: 3820 | T70: 3960 | Y70: 0 | Z70: 0 | AA70: 0 | AB70: 0 | AC70: 0 | AD70: 0 | AE70: 0 | AF70: 0 | AK70: =SUM(L70:AJ70) -> 590779.8 | AL70: =AK70/12 -> 49231.65 | AM70: =IF(AK70<=600000,0, IF(AK70<=1200000,(AK70-600000)*0.01, IF(AK70<=2200000,(AK70-1200000)*0.11+6000, IF(AK70<=3200000,(AK70-2200000)*0.23+116000, IF(AK70<=4100000,(AK70-3200000)*0.3+346000, (AK70-4100000)*0.35+616000))))) *(1+IF(AK70>10000000,9%,0)) -> 0 | AN70: =VLOOKUP(C70,'Paid Tax'!B65:M426,12,FALSE) -> 0 | AO70: =+AM70-AN70 -> 0 | AP70: 5 | AQ70: =+AO70/AP70 -> 0 | AS70: =-AQ70 -> 0
A71: 64 | B71: Karachi | C71: 10522 | D71: Raja Muhammad Ashir Kamal | E71: Diagnostics Officer | F71: Diagnostics & Harness | G71: 33500 | J71: 0 | K71: 0 | L71: =G71*12+H71+J71+K71+I71 -> 402000 | M71: 0 | N71: 0 | O71: 0 | P71: 0 | Q71: =VLOOKUP(C71,Incentives!C65:K404,9,FALSE) -> 0 | R71: 0 | S71: 0 | T71: 0 | Y71: 0 | Z71: 0 | AA71: 0 | AB71: 0 | AC71: 0 | AD71: 0 | AE71: 0 | AF71: 0 | AK71: =SUM(L71:AJ71) -> 402000 | AL71: =AK71/12 -> 33500 | AM71: =IF(AK71<=600000,0, IF(AK71<=1200000,(AK71-600000)*0.01, IF(AK71<=2200000,(AK71-1200000)*0.11+6000, IF(AK71<=3200000,(AK71-2200000)*0.23+116000, IF(AK71<=4100000,(AK71-3200000)*0.3+346000, (AK71-4100000)*0.35+616000))))) *(1+IF(AK71>10000000,9%,0)) -> 0 | AN71: =VLOOKUP(C71,'Paid Tax'!B66:M427,12,FALSE) -> 0 | AO71: =+AM71-AN71 -> 0 | AP71: 5 | AQ71: =+AO71/AP71 -> 0 | AS71: =-AQ71 -> 0
A72: 65 | B72: Karachi | C72: 10523 | D72: Taha Mehmood | E72: Junior Harness Technician | F72: Diagnostics & Harness | G72: 31000 | J72: 0 | K72: 0 | L72: =G72*12+H72+J72+K72+I72 -> 372000 | M72: 1940 | N72: 2880 | O72: 3060 | P72: 2980 | Q72: 2840 | R72: 2400 | S72: 2980 | T72: 3180 | Y72: 0 | Z72: 0 | AA72: 0 | AB72: 0 | AC72: 0 | AD72: 0 | AE72: 0 | AF72: 0 | AK72: =SUM(L72:AJ72) -> 394260 | AL72: =AK72/12 -> 32855 | AM72: =IF(AK72<=600000,0, IF(AK72<=1200000,(AK72-600000)*0.01, IF(AK72<=2200000,(AK72-1200000)*0.11+6000, IF(AK72<=3200000,(AK72-2200000)*0.23+116000, IF(AK72<=4100000,(AK72-3200000)*0.3+346000, (AK72-4100000)*0.35+616000))))) *(1+IF(AK72>10000000,9%,0)) -> 0 | AN72: =VLOOKUP(C72,'Paid Tax'!B67:M428,12,FALSE) -> 0 | AO72: =+AM72-AN72 -> 0 | AP72: 5 | AQ72: =+AO72/AP72 -> 0 | AS72: =-AQ72 -> 0
A73: 66 | B73: Karachi | C73: 10131 | D73: Fahad Ali Khan | E73: Regional Head - South | F73: Sales & Marketing | G73: 224266 | J73: 50000 | K73: 50000 | L73: =G73*12+H73+J73+K73+I73 -> 2791192 | M73: 0 | N73: 0 | O73: 0 | P73: 0 | Q73: =VLOOKUP(C73,Incentives!C67:K406,9,FALSE) -> 0 | R73: 0 | S73: 0 | T73: 0 | Y73: 0 | Z73: 143450 | AA73: 99091 | AB73: 0 | AC73: 116759 | AD73: 0 | AE73: 0 | AF73: 0 | AK73: =SUM(L73:AJ73) -> 3150492 | AL73: =AK73/12 -> 262541 | AM73: =IF(AK73<=600000,0, IF(AK73<=1200000,(AK73-600000)*0.01, IF(AK73<=2200000,(AK73-1200000)*0.11+6000, IF(AK73<=3200000,(AK73-2200000)*0.23+116000, IF(AK73<=4100000,(AK73-3200000)*0.3+346000, (AK73-4100000)*0.35+616000))))) *(1+IF(AK73>10000000,9%,0)) -> 334613.16 | AN73: =VLOOKUP(C73,'Paid Tax'!B68:M429,12,FALSE) -> 186011.7 | AO73: =+AM73-AN73 -> 148601.46 | AP73: 5 | AQ73: =+AO73/AP73 -> 29720.291 | AS73: =-AQ73 -> -29720.291
A74: 67 | B74: Karachi | C74: 10140 | D74: Naveed Shahzad | E74: Manager, Finance | F74: Accounts & Finance | G74: 125013 | J74: 23000 | K74: 23000 | L74: =G74*12+H74+J74+K74+I74 -> 1546156 | M74: 0 | N74: 0 | O74: 0 | P74: 0 | Q74: =VLOOKUP(C74,Incentives!C68:K407,9,FALSE) -> 0 | R74: 0 | S74: 0 | T74: 0 | Y74: 0 | Z74: 0 | AA74: 0 | AB74: 0 | AC74: 0 | AD74: 0 | AE74: 0 | AF74: 0 | AK74: =SUM(L74:AJ74) -> 1546156 | AL74: =AK74/12 -> 128846.33 | AM74: =IF(AK74<=600000,0, IF(AK74<=1200000,(AK74-600000)*0.01, IF(AK74<=2200000,(AK74-1200000)*0.11+6000, IF(AK74<=3200000,(AK74-2200000)*0.23+116000, IF(AK74<=4100000,(AK74-3200000)*0.3+346000, (AK74-4100000)*0.35+616000))))) *(1+IF(AK74>10000000,9%,0)) -> 44077.16 | AN74: =VLOOKUP(C74,'Paid Tax'!B69:M430,12,FALSE) -> 25615.843 | AO74: =+AM74-AN74 -> 18461.317 | AP74: 5 | AQ74: =+AO74/AP74 -> 3692.2633 | AS74: =-AQ74 -> -3692.2633
A75: 68 | B75: Karachi | C75: 40007 | D75: Sheraz Khalid | E75: Manager, Finance | F75: Accounts & Finance | G75: 121872 | J75: 19000 | K75: 19000 | L75: =G75*12+H75+J75+K75+I75 -> 1500464 | M75: 0 | N75: 0 | O75: 0 | P75: 0 | Q75: =VLOOKUP(C75,Incentives!C69:K408,9,FALSE) -> 0 | R75: 0 | S75: 0 | T75: 0 | Y75: 0 | Z75: 0 | AA75: 0 | AB75: 0 | AC75: 0 | AD75: 0 | AE75: 0 | AF75: 0 | AK75: =SUM(L75:AJ75) -> 1500464 | AL75: =AK75/12 -> 125038.67 | AM75: =IF(AK75<=600000,0, IF(AK75<=1200000,(AK75-600000)*0.01, IF(AK75<=2200000,(AK75-1200000)*0.11+6000, IF(AK75<=3200000,(AK75-2200000)*0.23+116000, IF(AK75<=4100000,(AK75-3200000)*0.3+346000, (AK75-4100000)*0.35+616000))))) *(1+IF(AK75>10000000,9%,0)) -> 39051.04 | AN75: =VLOOKUP(C75,'Paid Tax'!B70:M431,12,FALSE) -> 22700.607 | AO75: =+AM75-AN75 -> 16350.433 | AP75: 5 | AQ75: =+AO75/AP75 -> 3270.0867 | AS75: =-AQ75 -> -3270.0867
A76: 69 | B76: Karachi | C76: 10323 | D76: Zohra Abbasi | E76: Supervisor, Finance | F76: Accounts & Finance | G76: 57115 | J76: 7815 | K76: 7815 | L76: =G76*12+H76+J76+K76+I76 -> 701010 | M76: 0 | N76: 0 | O76: 0 | P76: 0 | Q76: =VLOOKUP(C76,Incentives!C70:K409,9,FALSE) -> 0 | R76: 0 | S76: 0 | T76: 0 | Y76: 0 | Z76: 0 | AA76: 0 | AB76: 0 | AC76: 0 | AD76: 0 | AE76: 0 | AF76: 0 | AK76: =SUM(L76:AJ76) -> 701010 | AL76: =AK76/12 -> 58417.5 | AM76: =IF(AK76<=600000,0, IF(AK76<=1200000,(AK76-600000)*0.01, IF(AK76<=2200000,(AK76-1200000)*0.11+6000, IF(AK76<=3200000,(AK76-2200000)*0.23+116000, IF(AK76<=4100000,(AK76-3200000)*0.3+346000, (AK76-4100000)*0.35+616000))))) *(1+IF(AK76>10000000,9%,0)) -> 1010.1 | AN76: =VLOOKUP(C76,'Paid Tax'!B71:M432,12,FALSE) -> 586.26477 | AO76: =+AM76-AN76 -> 423.83523 | AP76: 5 | AQ76: =+AO76/AP76 -> 84.767045 | AS76: =-AQ76 -> -84.767045
A77: 70 | B77: Karachi | C77: 20026 | D77: Ayaz Ul Islam | E77: Assistant Manager, Finance | F77: Accounts & Finance | G77: 66824 | J77: 11000 | K77: 11000 | L77: =G77*12+H77+J77+K77+I77 -> 823888 | M77: 0 | N77: 0 | O77: 0 | P77: 0 | Q77: =VLOOKUP(C77,Incentives!C71:K410,9,FALSE) -> 0 | R77: 0 | S77: 0 | T77: 0 | Y77: 0 | Z77: 0 | AA77: 0 | AB77: 0 | AC77: 0 | AD77: 0 | AE77: 0 | AF77: 0 | AK77: =SUM(L77:AJ77) -> 823888 | AL77: =AK77/12 -> 68657.333 | AM77: =IF(AK77<=600000,0, IF(AK77<=1200000,(AK77-600000)*0.01, IF(AK77<=2200000,(AK77-1200000)*0.11+6000, IF(AK77<=3200000,(AK77-2200000)*0.23+116000, IF(AK77<=4100000,(AK77-3200000)*0.3+346000, (AK77-4100000)*0.35+616000))))) *(1+IF(AK77>10000000,9%,0)) -> 2238.88 | AN77: =VLOOKUP(C77,'Paid Tax'!B72:M433,12,FALSE) -> 1301.8467 | AO77: =+AM77-AN77 -> 937.03333 | AP77: 5 | AQ77: =+AO77/AP77 -> 187.40667 | AS77: =-AQ77 -> -187.40667
A78: 71 | B78: Karachi | C78: 10534 | D78: Mehwish | E78: Officer, Finance | F78: Accounts & Finance | G78: 55000 | J78: 0 | K78: 0 | L78: =G78*12+H78+J78+K78+I78 -> 660000 | M78: 0 | N78: 0 | O78: 0 | P78: 0 | Q78: =VLOOKUP(C78,Incentives!C72:K411,9,FALSE) -> 0 | R78: 0 | S78: 0 | T78: 0 | Y78: 0 | Z78: 0 | AA78: 0 | AB78: 0 | AC78: 0 | AD78: 0 | AE78: 0 | AF78: 0 | AK78: =SUM(L78:AJ78) -> 660000 | AL78: =AK78/12 -> 55000 | AM78: =IF(AK78<=600000,0, IF(AK78<=1200000,(AK78-600000)*0.01, IF(AK78<=2200000,(AK78-1200000)*0.11+6000, IF(AK78<=3200000,(AK78-2200000)*0.23+116000, IF(AK78<=4100000,(AK78-3200000)*0.3+346000, (AK78-4100000)*0.35+616000))))) *(1+IF(AK78>10000000,9%,0)) -> 600 | AN78: =VLOOKUP(C78,'Paid Tax'!B73:M434,12,FALSE) -> 300 | AO78: =+AM78-AN78 -> 300 | AP78: 5 | AQ78: =+AO78/AP78 -> 60 | AS78: =-AQ78 -> -60
A79: 72 | B79: Karachi | C79: 10537 | D79: Zobia | E79: Officer, Finance | F79: Accounts & Finance | G79: 55000 | J79: 0 | K79: 0 | L79: =G79*12+H79+J79+K79+I79 -> 660000 | M79: 0 | N79: 0 | O79: 0 | P79: 0 | Q79: =VLOOKUP(C79,Incentives!C73:K412,9,FALSE) -> 0 | R79: 0 | S79: 0 | T79: 0 | Y79: 0 | Z79: 0 | AA79: 0 | AB79: 0 | AC79: 0 | AD79: 0 | AE79: 0 | AF79: 0 | AK79: =SUM(L79:AJ79) -> 660000 | AL79: =AK79/12 -> 55000 | AM79: =IF(AK79<=600000,0, IF(AK79<=1200000,(AK79-600000)*0.01, IF(AK79<=2200000,(AK79-1200000)*0.11+6000, IF(AK79<=3200000,(AK79-2200000)*0.23+116000, IF(AK79<=4100000,(AK79-3200000)*0.3+346000, (AK79-4100000)*0.35+616000))))) *(1+IF(AK79>10000000,9%,0)) -> 600 | AN79: =VLOOKUP(C79,'Paid Tax'!B74:M435,12,FALSE) -> 350 | AO79: =+AM79-AN79 -> 250 | AP79: 5 | AQ79: =+AO79/AP79 -> 50 | AS79: =-AQ79 -> -50
A80: 73 | B80: Karachi | C80: 10441 | D80: Danish Akbar Memon | E80: Officer, Finance | F80: Accounts & Finance | G80: 55000 | J80: 0 | K80: 0 | L80: =G80*12+H80+J80+K80+I80 -> 660000 | M80: 0 | N80: 0 | O80: 0 | P80: 0 | Q80: =VLOOKUP(C80,Incentives!C74:K413,9,FALSE) -> 0 | R80: 0 | S80: 0 | T80: 0 | Y80: 0 | Z80: 0 | AA80: 0 | AB80: 0 | AC80: 0 | AD80: 0 | AE80: 0 | AF80: 0 | AK80: =SUM(L80:AJ80) -> 660000 | AL80: =AK80/12 -> 55000 | AM80: =IF(AK80<=600000,0, IF(AK80<=1200000,(AK80-600000)*0.01, IF(AK80<=2200000,(AK80-1200000)*0.11+6000, IF(AK80<=3200000,(AK80-2200000)*0.23+116000, IF(AK80<=4100000,(AK80-3200000)*0.3+346000, (AK80-4100000)*0.35+616000))))) *(1+IF(AK80>10000000,9%,0)) -> 600 | AN80: =VLOOKUP(C80,'Paid Tax'!B75:M436,12,FALSE) -> 350 | AO80: =+AM80-AN80 -> 250 | AP80: 5 | AQ80: =+AO80/AP80 -> 50 | AS80: =-AQ80 -> -50
A81: 74 | B81: Karachi | C81: 10142 | D81: Mirza taimoor baig | E81: Customer Services Executive | F81: Corporate Services | G81: 42500 | J81: 7500 | K81: 7500 | L81: =G81*12+H81+J81+K81+I81 -> 525000 | M81: 0 | N81: 0 | O81: 0 | P81: 0 | Q81: =VLOOKUP(C81,Incentives!C75:K414,9,FALSE) -> 0 | R81: 0 | S81: 0 | T81: 0 | Y81: 0 | Z81: 0 | AA81: 0 | AB81: 0 | AC81: 0 | AD81: 0 | AE81: 0 | AF81: 0 | AK81: =SUM(L81:AJ81) -> 525000 | AL81: =AK81/12 -> 43750 | AM81: =IF(AK81<=600000,0, IF(AK81<=1200000,(AK81-600000)*0.01, IF(AK81<=2200000,(AK81-1200000)*0.11+6000, IF(AK81<=3200000,(AK81-2200000)*0.23+116000, IF(AK81<=4100000,(AK81-3200000)*0.3+346000, (AK81-4100000)*0.35+616000))))) *(1+IF(AK81>10000000,9%,0)) -> 0 | AN81: =VLOOKUP(C81,'Paid Tax'!B76:M437,12,FALSE) -> 0 | AO81: =+AM81-AN81 -> 0 | AP81: 5 | AQ81: =+AO81/AP81 -> 0 | AS81: =-AQ81 -> 0
A82: 75 | B82: Karachi | C82: 10434 | D82: Lawrence John | E82: Technician | F82: Technical | G82: 32400 | J82: 4400 | K82: 4400 | L82: =G82*12+H82+J82+K82+I82 -> 397600 | M82: 12700 | N82: 25280 | O82: 19880 | P82: 28980 | Q82: =VLOOKUP(C82,Incentives!C76:K415,9,FALSE) -> 21920 | R82: 33830 | S82: 21300 | T82: 22475 | Y82: 0 | Z82: 0 | AA82: 0 | AB82: 0 | AC82: 0 | AD82: 5000 | AE82: 0 | AF82: 0 | AK82: =SUM(L82:AJ82) -> 588965 | AL82: =AK82/12 -> 49080.417 | AM82: =IF(AK82<=600000,0, IF(AK82<=1200000,(AK82-600000)*0.01, IF(AK82<=2200000,(AK82-1200000)*0.11+6000, IF(AK82<=3200000,(AK82-2200000)*0.23+116000, IF(AK82<=4100000,(AK82-3200000)*0.3+346000, (AK82-4100000)*0.35+616000))))) *(1+IF(AK82>10000000,9%,0)) -> 0 | AN82: =VLOOKUP(C82,'Paid Tax'!B77:M438,12,FALSE) -> 0 | AO82: =+AM82-AN82 -> 0 | AP82: 5 | AQ82: =+AO82/AP82 -> 0 | AS82: =-AQ82 -> 0
A83: 76 | B83: Karachi | C83: 10147 | D83: Muhammad Asif | E83: Head, Inventory | F83: Inventory & Procurement | G83: 127483 | J83: 20000 | K83: 20000 | L83: =G83*12+H83+J83+K83+I83 -> 1569796 | M83: 0 | N83: 0 | O83: 0 | P83: 0 | Q83: =VLOOKUP(C83,Incentives!C77:K416,9,FALSE) -> 0 | R83: 0 | S83: 0 | T83: 0 | Y83: 0 | Z83: 0 | AA83: 0 | AB83: 0 | AC83: 0 | AD83: 0 | AE83: 0 | AF83: 0 | AK83: =SUM(L83:AJ83) -> 1569796 | AL83: =AK83/12 -> 130816.33 | AM83: =IF(AK83<=600000,0, IF(AK83<=1200000,(AK83-600000)*0.01, IF(AK83<=2200000,(AK83-1200000)*0.11+6000, IF(AK83<=3200000,(AK83-2200000)*0.23+116000, IF(AK83<=4100000,(AK83-3200000)*0.3+346000, (AK83-4100000)*0.35+616000))))) *(1+IF(AK83>10000000,9%,0)) -> 46677.56 | AN83: =VLOOKUP(C83,'Paid Tax'!B78:M439,12,FALSE) -> 27145.243 | AO83: =+AM83-AN83 -> 19532.317 | AP83: 5 | AQ83: =+AO83/AP83 -> 3906.4633 | AS83: =-AQ83 -> -3906.4633
A84: 77 | B84: Karachi | C84: 10486 | D84: Abdul Mateen | E84: Renewal Executive | F84: Renewal & Collection | G84: 39250 | J84: 4250 | K84: 4250 | L84: =G84*12+H84+J84+K84+I84 -> 479500 | M84: 0 | N84: 0 | O84: 0 | P84: 0 | Q84: =VLOOKUP(C84,Incentives!C78:K417,9,FALSE) -> 0 | R84: 0 | S84: 0 | T84: 0 | Y84: 0 | Z84: 1250 | AA84: 0 | AB84: 0 | AC84: 0 | AD84: 0 | AE84: 0 | AF84: 0 | AK84: =SUM(L84:AJ84) -> 480750 | AL84: =AK84/12 -> 40062.5 | AM84: =IF(AK84<=600000,0, IF(AK84<=1200000,(AK84-600000)*0.01, IF(AK84<=2200000,(AK84-1200000)*0.11+6000, IF(AK84<=3200000,(AK84-2200000)*0.23+116000, IF(AK84<=4100000,(AK84-3200000)*0.3+346000, (AK84-4100000)*0.35+616000))))) *(1+IF(AK84>10000000,9%,0)) -> 0 | AN84: =VLOOKUP(C84,'Paid Tax'!B79:M440,12,FALSE) -> 0 | AO84: =+AM84-AN84 -> 0 | AP84: 5 | AQ84: =+AO84/AP84 -> 0 | AS84: =-AQ84 -> 0
... A87: 80 | B87: Karachi | C87: 10256 | D87: Adnan | E87: Rider | F87: Accounts & Finance | G87: 36643 | J87: 6983 | K87: 6983 | L87: =G87*12+H87+J87+K87+I87 -> 453682 | M87: 0 | N87: 0 | O87: 0 | P87: 0 | Q87: =VLOOKUP(C87,Incentives!C81:K420,9,FALSE) -> 0 | R87: 0 | S87: 0 | T87: 0 | Y87: 0 | Z87: 0 | AA87: 0 | AB87: 0 | AC87: 0 | AD87: 0 | AE87: 0 | AF87: 0 | AK87: =SUM(L87:AJ87) -> 453682 | AL87: =AK87/12 -> 37806.833 | AM87: =IF(AK87<=600000,0, IF(AK87<=1200000,(AK87-600000)*0.01, IF(AK87<=2200000,(AK87-1200000)*0.11+6000, IF(AK87<=3200000,(AK87-2200000)*0.23+116000, IF(AK87<=4100000,(AK87-3200000)*0.3+346000, (AK87-4100000)*0.35+616000))))) *(1+IF(AK87>10000000,9%,0)) -> 0 | AN87: =VLOOKUP(C87,'Paid Tax'!B82:M443,12,FALSE) -> 0 | AO87: =+AM87-AN87 -> 0 | AP87: 5 | AQ87: =+AO87/AP87 -> 0 | AS87: =-AQ87 -> 0
A88: 81 | B88: Karachi | C88: 10163 | D88: Syed Muhammad Hasnain | E88: Supervisor, Removal | F88: Removal | G88: 37603 | J88: 6003.95 | K88: 6003.95 | L88: =G88*12+H88+J88+K88+I88 -> 463243.9 | M88: 0 | N88: 0 | O88: 0 | P88: 0 | Q88: =VLOOKUP(C88,Incentives!C82:K421,9,FALSE) -> 0 | R88: 0 | S88: 0 | T88: 0 | Y88: 34251 | Z88: 32851 | AA88: 28574 | AB88: 90883 | AC88: 57273 | AD88: 31490 | AE88: 28442 | AF88: 27791 | AK88: =SUM(L88:AJ88) -> 794798.9 | AL88: =AK88/12 -> 66233.242 | AM88: =IF(AK88<=600000,0, IF(AK88<=1200000,(AK88-600000)*0.01, IF(AK88<=2200000,(AK88-1200000)*0.11+6000, IF(AK88<=3200000,(AK88-2200000)*0.23+116000, IF(AK88<=4100000,(AK88-3200000)*0.3+346000, (AK88-4100000)*0.35+616000))))) *(1+IF(AK88>10000000,9%,0)) -> 1947.989 | AN88: =VLOOKUP(C88,'Paid Tax'!B83:M444,12,FALSE) -> 416.79098 | AO88: =+AM88-AN88 -> 1531.198 | AP88: 8 | AQ88: =+AO88/AP88 -> 191.39975 | AR88: First time tax will be / by 8 | AS88: =-AQ88 -> -191.39975
A89: 82 | B89: Karachi | C89: 10370 | D89: Arnold Gill | E89: CRO | F89: Control Center | G89: 32480 | J89: 4480 | K89: 4480 | L89: =G89*12+H89+J89+K89+I89 -> 398720 | M89: 0 | N89: 0 | O89: 0 | P89: 0 | Q89: =VLOOKUP(C89,Incentives!C83:K422,9,FALSE) -> 0 | R89: 0 | S89: 0 | T89: 0 | Y89: 0 | Z89: 0 | AA89: 0 | AB89: 0 | AC89: 0 | AD89: 0 | AE89: 0 | AF89: 0 | AK89: =SUM(L89:AJ89) -> 398720 | AL89: =AK89/12 -> 33226.667 | AM89: =IF(AK89<=600000,0, IF(AK89<=1200000,(AK89-600000)*0.01, IF(AK89<=2200000,(AK89-1200000)*0.11+6000, IF(AK89<=3200000,(AK89-2200000)*0.23+116000, IF(AK89<=4100000,(AK89-3200000)*0.3+346000, (AK89-4100000)*0.35+616000))))) *(1+IF(AK89>10000000,9%,0)) -> 0 | AN89: =VLOOKUP(C89,'Paid Tax'!B84:M445,12,FALSE) -> 0 | AO89: =+AM89-AN89 -> 0 | AP89: 5 | AQ89: =+AO89/AP89 -> 0 | AS89: =-AQ89 -> 0
A90: 83 | B90: Karachi | C90: 10430 | D90: Awaiz Javed | E90: CRO | F90: Control Center | G90: 33900 | J90: 3900 | K90: 3900 | L90: =G90*12+H90+J90+K90+I90 -> 414600 | M90: 0 | N90: 0 | O90: 0 | P90: 0 | Q90: =VLOOKUP(C90,Incentives!C84:K423,9,FALSE) -> 0 | R90: 0 | S90: 0 | T90: 0 | Y90: 1000 | Z90: 0 | AA90: 0 | AB90: 0 | AC90: 4000 | AD90: 0 | AE90: 2000 | AF90: 0 | AK90: =SUM(L90:AJ90) -> 421600 | AL90: =AK90/12 -> 35133.333 | AM90: =IF(AK90<=600000,0, IF(AK90<=1200000,(AK90-600000)*0.01, IF(AK90<=2200000,(AK90-1200000)*0.11+6000, IF(AK90<=3200000,(AK90-2200000)*0.23+116000, IF(AK90<=4100000,(AK90-3200000)*0.3+346000, (AK90-4100000)*0.35+616000))))) *(1+IF(AK90>10000000,9%,0)) -> 0 | AN90: =VLOOKUP(C90,'Paid Tax'!B85:M446,12,FALSE) -> 0 | AO90: =+AM90-AN90 -> 0 | AP90: 5 | AQ90: =+AO90/AP90 -> 0 | AS90: =-AQ90 -> 0
A91: 84 | B91: Karachi | C91: 10431 | D91: Muhammad Saif Malik | E91: Officer, Removal | F91: Removal | G91: 34500 | J91: 4500 | K91: 4500 | L91: =G91*12+H91+J91+K91+I91 -> 423000 | M91: 0 | N91: 0 | O91: 0 | P91: 0 | Q91: =VLOOKUP(C91,Incentives!C85:K424,9,FALSE) -> 0 | R91: 0 | S91: 0 | T91: 0 | Y91: 26622 | Z91: 25732 | AA91: 29735 | AB91: 0 | AC91: 25344 | AD91: 25294 | AE91: 30409 | AF91: 52065 | AK91: =SUM(L91:AJ91) -> 638201 | AL91: =AK91/12 -> 53183.417 | AM91: =IF(AK91<=600000,0, IF(AK91<=1200000,(AK91-600000)*0.01, IF(AK91<=2200000,(AK91-1200000)*0.11+6000, IF(AK91<=3200000,(AK91-2200000)*0.23+116000, IF(AK91<=4100000,(AK91-3200000)*0.3+346000, (AK91-4100000)*0.35+616000))))) *(1+IF(AK91>10000000,9%,0)) -> 382.01 | AN91: =VLOOKUP(C91,'Paid Tax'!B86:M447,12,FALSE) -> 0 | AO91: =+AM91-AN91 -> 382.01 | AP91: 12 | AQ91: =+AO91/AP91 -> 31.834167 | AR91: First time tax will be / by 12 | AS91: =-AQ91 -> -31.834167
A92: 85 | B92: Karachi | C92: 10495 | D92: Shayan Zafar Ullah Khan | E92: CRO | F92: Control Center | G92: 34410 | J92: 3410 | K92: 3410 | L92: =G92*12+H92+J92+K92+I92 -> 419740 | M92: 0 | N92: 0 | O92: 0 | P92: 0 | Q92: =VLOOKUP(C92,Incentives!C86:K425,9,FALSE) -> 0 | R92: 0 | S92: 0 | T92: 0 | Y92: 0 | Z92: 0 | AA92: 0 | AB92: 0 | AC92: 0 | AD92: 0 | AE92: 0 | AF92: 0 | AK92: =SUM(L92:AJ92) -> 419740 | AL92: =AK92/12 -> 34978.333 | AM92: =IF(AK92<=600000,0, IF(AK92<=1200000,(AK92-600000)*0.01, IF(AK92<=2200000,(AK92-1200000)*0.11+6000, IF(AK92<=3200000,(AK92-2200000)*0.23+116000, IF(AK92<=4100000,(AK92-3200000)*0.3+346000, (AK92-4100000)*0.35+616000))))) *(1+IF(AK92>10000000,9%,0)) -> 0 | AN92: =VLOOKUP(C92,'Paid Tax'!B87:M448,12,FALSE) -> 0 | AO92: =+AM92-AN92 -> 0 | AP92: 5 | AQ92: =+AO92/AP92 -> 0 | AS92: =-AQ92 -> 0
A93: 86 | B93: Karachi | C93: 10180 | D93: Muhammad Afser | E93: Technician | F93: Technical | G93: 32038 | J93: 3906.55 | K93: 3906.55 | L93: =G93*12+H93+J93+K93+I93 -> 392269.1 | M93: 43400 | N93: 4900 | O93: 0 | P93: 0 | Q93: =VLOOKUP(C93,Incentives!C87:K426,9,FALSE) -> 0 | R93: 0 | S93: 0 | T93: 0 | Y93: 0 | Z93: 0 | AA93: 0 | AB93: 0 | AC93: 0 | AD93: 0 | AE93: 0 | AF93: 0 | AK93: =SUM(L93:AJ93) -> 440569.1 | AL93: =AK93/12 -> 36714.092 | AM93: =IF(AK93<=600000,0, IF(AK93<=1200000,(AK93-600000)*0.01, IF(AK93<=2200000,(AK93-1200000)*0.11+6000, IF(AK93<=3200000,(AK93-2200000)*0.23+116000, IF(AK93<=4100000,(AK93-3200000)*0.3+346000, (AK93-4100000)*0.35+616000))))) *(1+IF(AK93>10000000,9%,0)) -> 0 | AN93: =VLOOKUP(C93,'Paid Tax'!B88:M449,12,FALSE) -> 0 | AO93: =+AM93-AN93 -> 0 | AP93: 5 | AQ93: =+AO93/AP93 -> 0 | AS93: =-AQ93 -> 0
A94: 87 | B94: Faisalabad | C94: 10496 | D94: Adnan Ali | E94: Technician | F94: Technical | G94: 32250 | J94: 4250 | K94: 4250 | L94: =G94*12+H94+J94+K94+I94 -> 395500 | M94: 6180 | N94: 12300 | O94: 8880 | P94: 9600 | Q94: =VLOOKUP(C94,Incentives!C88:K427,9,FALSE) -> 11400 | R94: 6000 | S94: 14820 | T94: 11990 | Y94: 0 | Z94: 0 | AA94: 0 | AB94: 0 | AC94: 0 | AD94: 0 | AE94: 0 | AF94: 0 | AK94: =SUM(L94:AJ94) -> 476670 | AL94: =AK94/12 -> 39722.5 | AM94: =IF(AK94<=600000,0, IF(AK94<=1200000,(AK94-600000)*0.01, IF(AK94<=2200000,(AK94-1200000)*0.11+6000, IF(AK94<=3200000,(AK94-2200000)*0.23+116000, IF(AK94<=4100000,(AK94-3200000)*0.3+346000, (AK94-4100000)*0.35+616000))))) *(1+IF(AK94>10000000,9%,0)) -> 0 | AN94: =VLOOKUP(C94,'Paid Tax'!B89:M450,12,FALSE) -> 0 | AO94: =+AM94-AN94 -> 0 | AP94: 5 | AQ94: =+AO94/AP94 -> 0 | AS94: =-AQ94 -> 0
A95: 88 | B95: Karachi | C95: 10547 | D95: Muhammad Asif | E95: Technician | F95: Technical | G95: 28500 | H95: =6500*10 -> 65000 | J95: 0 | K95: 0 | L95: =G95*12+H95+J95+K95+I95 -> 407000 | M95: 2160 | N95: 3600 | O95: 3400 | P95: 4600 | Q95: =VLOOKUP(C95,Incentives!C89:K428,9,FALSE) -> 7000 | R95: 12875 | S95: 11220 | T95: 13560 | Y95: 0 | Z95: 0 | AA95: 0 | AB95: 0 | AC95: 0 | AD95: 0 | AE95: 0 | AF95: 0 | AK95: =SUM(L95:AJ95) -> 465415 | AL95: =AK95/12 -> 38784.583 | AM95: =IF(AK95<=600000,0, IF(AK95<=1200000,(AK95-600000)*0.01, IF(AK95<=2200000,(AK95-1200000)*0.11+6000, IF(AK95<=3200000,(AK95-2200000)*0.23+116000, IF(AK95<=4100000,(AK95-3200000)*0.3+346000, (AK95-4100000)*0.35+616000))))) *(1+IF(AK95>10000000,9%,0)) -> 0 | AN95: =VLOOKUP(C95,'Paid Tax'!B90:M451,12,FALSE) -> 0 | AO95: =+AM95-AN95 -> 0 | AP95: 5 | AQ95: =+AO95/AP95 -> 0 | AS95: =-AQ95 -> 0
A96: 89 | B96: Karachi | C96: 10374 | D96: Muhammad Sufiyan | E96: Technician | F96: Technical | G96: 32400 | J96: 4400 | K96: 4400 | L96: =G96*12+H96+J96+K96+I96 -> 397600 | M96: 8880 | N96: 9520 | O96: 16080 | P96: 12400 | Q96: =VLOOKUP(C96,Incentives!C90:K429,9,FALSE) -> 1650 | R96: 14980 | S96: 0 | T96: 0 | Y96: 0 | Z96: 0 | AA96: 0 | AB96: 0 | AC96: 0 | AD96: 0 | AE96: 0 | AF96: 0 | AK96: =SUM(L96:AJ96) -> 461110 | AL96: =AK96/12 -> 38425.833 | AM96: =IF(AK96<=600000,0, IF(AK96<=1200000,(AK96-600000)*0.01, IF(AK96<=2200000,(AK96-1200000)*0.11+6000, IF(AK96<=3200000,(AK96-2200000)*0.23+116000, IF(AK96<=4100000,(AK96-3200000)*0.3+346000, (AK96-4100000)*0.35+616000))))) *(1+IF(AK96>10000000,9%,0)) -> 0 | AN96: =VLOOKUP(C96,'Paid Tax'!B91:M452,12,FALSE) -> 0 | AO96: =+AM96-AN96 -> 0 | AP96: 5 | AQ96: =+AO96/AP96 -> 0 | AS96: =-AQ96 -> 0
A97: 90 | B97: Karachi | C97: 10435 | D97: Daiya Sagar | E97: Assistant Manager, HR | F97: Human Resources | G97: 60000 | J97: 13000 | K97: 13000 | L97: =G97*12+H97+J97+K97+I97 -> 746000 | M97: 0 | N97: 0 | O97: 0 | P97: 0 | Q97: =VLOOKUP(C97,Incentives!C91:K430,9,FALSE) -> 0 | R97: 0 | S97: 0 | T97: 0 | Y97: 0 | Z97: 0 | AA97: 0 | AB97: 0 | AC97: 0 | AD97: 0 | AE97: 0 | AF97: 0 | AK97: =SUM(L97:AJ97) -> 746000 | AL97: =AK97/12 -> 62166.667 | AM97: =IF(AK97<=600000,0, IF(AK97<=1200000,(AK97-600000)*0.01, IF(AK97<=2200000,(AK97-1200000)*0.11+6000, IF(AK97<=3200000,(AK97-2200000)*0.23+116000, IF(AK97<=4100000,(AK97-3200000)*0.3+346000, (AK97-4100000)*0.35+616000))))) *(1+IF(AK97>10000000,9%,0)) -> 1460 | AN97: =VLOOKUP(C97,'Paid Tax'!B92:M453,12,FALSE) -> 846.74242 | AO97: =+AM97-AN97 -> 613.25758 | AP97: 5 | AQ97: =+AO97/AP97 -> 122.65152 | AS97: =-AQ97 -> -122.65152
A98: 91 | B98: Karachi | C98: 10189 | D98: Anas Kamil | E98: Supervisor, CS | F98: Corporate Services | G98: 41750 | J98: 6750 | K98: 6750 | L98: =G98*12+H98+J98+K98+I98 -> 514500 | M98: 0 | N98: 0 | O98: 0 | P98: 0 | Q98: =VLOOKUP(C98,Incentives!C92:K431,9,FALSE) -> 0 | R98: 0 | S98: 0 | T98: 0 | Y98: 0 | Z98: 0 | AA98: 0 | AB98: 0 | AC98: 0 | AD98: 0 | AE98: 0 | AF98: 0 | AK98: =SUM(L98:AJ98) -> 514500 | AL98: =AK98/12 -> 42875 | AM98: =IF(AK98<=600000,0, IF(AK98<=1200000,(AK98-600000)*0.01, IF(AK98<=2200000,(AK98-1200000)*0.11+6000, IF(AK98<=3200000,(AK98-2200000)*0.23+116000, IF(AK98<=4100000,(AK98-3200000)*0.3+346000, (AK98-4100000)*0.35+616000))))) *(1+IF(AK98>10000000,9%,0)) -> 0 | AN98: =VLOOKUP(C98,'Paid Tax'!B93:M454,12,FALSE) -> 0 | AO98: =+AM98-AN98 -> 0 | AP98: 5 | AQ98: =+AO98/AP98 -> 0 | AS98: =-AQ98 -> 0
A99: 92 | B99: Karachi | C99: 20010 | D99: Zubair Shahzad (Patel) | E99: Technician | F99: Technical | G99: 51523 | J99: 5310.6 | K99: 5310.6 | L99: =G99*12+H99+J99+K99+I99 -> 628897.2 | M99: 6240 | N99: 3480 | O99: 6300 | P99: 0 | Q99: =VLOOKUP(C99,Incentives!C93:K432,9,FALSE) -> 1950 | R99: 3510 | S99: 12330 | T99: 3780 | Y99: 0 | Z99: 0 | AA99: 5500 | AB99: 0 | AC99: 0 | AD99: 0 | AE99: 0 | AF99: 0 | AK99: =SUM(L99:AJ99) -> 671987.2 | AL99: =AK99/12 -> 55998.933 | AM99: =IF(AK99<=600000,0, IF(AK99<=1200000,(AK99-600000)*0.01, IF(AK99<=2200000,(AK99-1200000)*0.11+6000, IF(AK99<=3200000,(AK99-2200000)*0.23+116000, IF(AK99<=4100000,(AK99-3200000)*0.3+346000, (AK99-4100000)*0.35+616000))))) *(1+IF(AK99>10000000,9%,0)) -> 719.872 | AN99: =VLOOKUP(C99,'Paid Tax'!B94:M455,12,FALSE) -> 318.8283 | AO99: =+AM99-AN99 -> 401.0437 | AP99: 5 | AQ99: =+AO99/AP99 -> 80.20874 | AS99: =-AQ99 -> -80.20874
A100: 93 | B100: Karachi | C100: 10199 | D100: Mustafa | E100: Supervisor, Renewal & Collection | F100: Renewal & Collection | G100: 42104 | J100: 6766.85 | K100: 6766.85 | L100: =G100*12+H100+J100+K100+I100 -> 518781.7 | M100: 0 | N100: 750 | O100: 0 | P100: 0 | Q100: =VLOOKUP(C100,Incentives!C94:K433,9,FALSE) -> 0 | R100: 0 | S100: 0 | T100: 0 | Y100: 24000 | Z100: =26663+750 -> 27413 | AA100: 26464 | AB100: 26743 | AC100: 28209 | AD100: 0 | AE100: 25685 | AF100: 29278 | AK100: =SUM(L100:AJ100) -> 707323.7 | AL100: =AK100/12 -> 58943.642 | AM100: =IF(AK100<=600000,0, IF(AK100<=1200000,(AK100-600000)*0.01, IF(AK100<=2200000,(AK100-1200000)*0.11+6000, IF(AK100<=3200000,(AK100-2200000)*0.23+116000, IF(AK100<=4100000,(AK100-3200000)*0.3+346000, (AK100-4100000)*0.35+616000))))) *(1+IF(AK100>10000000,9%,0)) -> 1073.237 | AN100: =VLOOKUP(C100,'Paid Tax'!B95:M456,12,FALSE) -> 185.97819 | AO100: =+AM100-AN100 -> 887.25881 | AP100: 8 | AQ100: =+AO100/AP100 -> 110.90735 | AR100: First time tax will be / by 8 | AS100: =-AQ100 -> -110.90735
A101: 94 | B101: Karachi | C101: 10407 | D101: Muhammad Yousuf | E101: Supervisor, Removal | F101: Removal | G101: 37950 | J101: 4950 | K101: 4950 | L101: =G101*12+H101+J101+K101+I101 -> 465300 | M101: 0 | N101: 0 | O101: 0 | P101: 0 | Q101: =VLOOKUP(C101,Incentives!C95:K434,9,FALSE) -> 0 | R101: 0 | S101: 0 | T101: 0 | Y101: 91898 | Z101: 97062 | AA101: 98609 | AB101: 133864 | AC101: 141635 | AD101: 143735 | AE101: 61995 | AF101: 91976 | AK101: =SUM(L101:AJ101) -> 1326074 | AL101: =AK101/12 -> 110506.17 | AM101: =IF(AK101<=600000,0, IF(AK101<=1200000,(AK101-600000)*0.01, IF(AK101<=2200000,(AK101-1200000)*0.11+6000, IF(AK101<=3200000,(AK101-2200000)*0.23+116000, IF(AK101<=4100000,(AK101-3200000)*0.3+346000, (AK101-4100000)*0.35+616000))))) *(1+IF(AK101>10000000,9%,0)) -> 19868.14 | AN101: =VLOOKUP(C101,'Paid Tax'!B96:M457,12,FALSE) -> 2664.0611 | AO101: =+AM101-AN101 -> 17204.079 | AP101: 6 | AQ101: =+AO101/AP101 -> 2867.3465 | AR101: First time tax will be / by 6 | AS101: =-AQ101 -> -2867.3465
A102: 95 | B102: Karachi | C102: 10364 | D102: Khizar Awan | E102: Supervisor, CR | F102: Control Center | G102: 37355 | J102: 6355 | K102: 6355 | L102: =G102*12+H102+J102+K102+I102 -> 460970 | M102: 0 | N102: 0 | O102: 0 | P102: 0 | Q102: =VLOOKUP(C102,Incentives!C96:K435,9,FALSE) -> 0 | R102: 0 | S102: 0 | T102: 0 | Y102: 0 | Z102: 0 | AA102: 0 | AB102: 0 | AC102: 5000 | AD102: 0 | AE102: 0 | AF102: 5000 | AK102: =SUM(L102:AJ102) -> 470970 | AL102: =AK102/12 -> 39247.5 | AM102: =IF(AK102<=600000,0, IF(AK102<=1200000,(AK102-600000)*0.01, IF(AK102<=2200000,(AK102-1200000)*0.11+6000, IF(AK102<=3200000,(AK102-2200000)*0.23+116000, IF(AK102<=4100000,(AK102-3200000)*0.3+346000, (AK102-4100000)*0.35+616000))))) *(1+IF(AK102>10000000,9%,0)) -> 0 | AN102: =VLOOKUP(C102,'Paid Tax'!B97:M458,12,FALSE) -> 0 | AO102: =+AM102-AN102 -> 0 | AP102: 5 | AQ102: =+AO102/AP102 -> 0 | AS102: =-AQ102 -> 0
...

Sheet Paid Tax
A2: S.no | B2: Employee ID | C2: Name | D2: Designation | E2: Department | F2: paid Tax - Jul | G2: paid Tax - Aug | H2: paid Tax - Sep | I2: paid Tax - oct | J2: paid Tax - Nov | K2: paid Tax - Dec | L2: paid Tax - Jan | M2: Sum
A3: 1 | B3: 10001 | C3: Syed Salman Hussain | D3: CEO | E3: Management | F3: 1175113.4 | G3: 1175113.4 | H3: 1175113.5 | I3: 1175113.5 | J3: 1175113.5 | K3: 1175113.5 | L3: 1175113.5 | M3: =SUM(F3:L3) -> 8225794.2
A4: 2 | B4: 20001 | C4: Ahmed Farid Bokhari | D4: Director | E4: Management | F4: 74881.1 | G4: 74881.1 | H4: 74881.1 | I4: 74881.1 | J4: 74881.1 | K4: 74881.1 | L4: 74881.1 | M4: =SUM(F4:L4) -> 524167.7
A5: 3 | B5: 10520 | C5: Nadeem Qasim | D5: Personal Assistant | E5: Management | F5: 350 | G5: 350 | H5: 350 | I5: 350 | J5: 350 | K5: 350 | L5: 350 | M5: =SUM(F5:L5) -> 2450
A6: 4 | B6: 10002 | C6: Ubaid Ullah | D6: Head, Admin | E6: Admin | F6: 5507.2619 | G6: 5646.0494 | H6: 5646.0494 | I6: 5646.0494 | J6: 5646.0494 | K6: 5646.0494 | L6: 5646.0494 | M6: =SUM(F6:L6) -> 39383.558
A7: 5 | B7: 10003 | C7: Furqan | D7: Supervisor, Admin | E7: Admin | F7: 308.43667 | G7: 315.70939 | H7: 315.70939 | I7: 315.70939 | J7: 315.70939 | K7: 315.70939 | L7: 315.70939 | M7: =SUM(F7:L7) -> 2202.693
A8: 6 | B8: 10418 | C8: Syed Omar Farooq Naqvi | D8: Officer, Admin | E8: Admin | F8: 0 | G8: 0 | H8: 0 | I8: 0 | J8: 0 | K8: 0 | L8: 0 | M8: =SUM(F8:L8) -> 0
A9: 7 | B9: 10006 | C9: Humna Altamash Yousuf | D9: Head - HR & Cultural Development | E9: Human Resources | F9: 5364.0533 | G9: 5564.0533 | H9: 5564.0533 | I9: 5564.0533 | J9: 5564.0533 | K9: 5564.0533 | L9: 5564.0533 | M9: =SUM(F9:L9) -> 38748.373
A10: 8 | B10: 10008 | C10: Muhammad Fahad | D10: Head - Financial Governance & Compliance | E10: Accounts & Finance | F10: 40416.133 | G10: 42052.497 | H10: 42052.497 | I10: 42052.497 | J10: 42052.497 | K10: 42052.497 | L10: 42052.497 | M10: =SUM(F10:L10) -> 292731.12
A11: 9 | B11: 10009 | C11: Muhammad Shaukat | D11: Supervisor, Recovery & Collection | E11: Accounts & Finance | F11: 84.16 | G11: 92.341818 | H11: 92.341818 | I11: 92.341818 | J11: 92.341818 | K11: 92.341818 | L11: 92.341818 | M11: =SUM(F11:L11) -> 638.21091
A12: 10 | B12: 10010 | C12: Vivian Charles Paul | D12: Head - Corporate Services & Renewal | E12: Corporate Services | F12: 26057.195 | G12: 27830.202 | H12: 28326.703 | I12: 28870.628 | J12: 29692.159 | K12: 30484.416 | L12: 31761.616 | M12: =SUM(F12:L12) -> 203022.92
A13: 11 | B13: 10011 | C13: Sidra | D13: Manager, CS | E13: Corporate Services | F13: 491.37667 | G13: 507.30394 | H13: 507.30394 | I13: 507.30394 | J13: 507.30394 | K13: 507.30394 | L13: 507.30394 | M13: =SUM(F13:L13) -> 3535.2003
A14: 12 | B14: 10494 | C14: Dawood | D14: Supervisor, CS | E14: Corporate Services | F14: 42.041667 | G14: 50.814394 | H14: 54.814394 | I14: 54.814394 | J14: 54.814394 | K14: 54.814394 | L14: 54.814394 | M14: =SUM(F14:L14) -> 366.92803
... A341: 339 | B341: 10695 | C341: Mirza Umair Baig | D341: Technician | E341: Technical | F341: 0 | G341: 0 | H341: 0 | I341: 0 | J341: 0 | K341: 0 | L341: 0 | M341: =SUM(F341:L341) -> 0
A342: 340 | B342: 10696 | C342: Obaidullah | D342: CRO | E342: Control Room | J342: 0 | K342: 0 | L342: 0 | M342: =SUM(F342:L342) -> 0
A343: 341 | B343: 10697 | C343: Abdul Sameer | D343: Diagnostics Officer | E343: Diagnostics & Harness | J343: 0 | K343: 0 | L343: 0 | M343: =SUM(F343:L343) -> 0
A344: 342 | B344: 10698 | C344: Fahim Ayoob | D344: Technician | E344: Technical | J344: 0 | K344: 0 | L344: 0 | M344: =SUM(F344:L344) -> 0
A345: 343 | B345: 10699 | C345: Sheeraz Mehdi | D345: CRO | E345: Control Room | J345: 0 | K345: 0 | L345: 0 | M345: =SUM(F345:L345) -> 0
A346: 344 | B346: 10700 | C346: Muhammad Zia | D346: CRO | E346: Control Room | J346: 0 | K346: 0 | L346: 0 | M346: =SUM(F346:L346) -> 0
A347: 345 | B347: 10701 | C347: Syed Hamza Ali Kazmi | D347: Coordinator | E347: Technical | J347: 0 | K347: 0 | L347: 0 | M347: =SUM(F347:L347) -> 0
A348: 346 | B348: 10702 | C348: Danish Nadeem | D348: Technician | E348: Technical | J348: 0 | K348: 0 | L348: 0 | M348: =SUM(F348:L348) -> 0
A349: 347 | B349: 10703 | C349: Nazra Nazar | D349: Collection Officer | E349: Removal | J349: 0 | K349: 0 | L349: 0 | M349: =SUM(F349:L349) -> 0
A350: 348 | B350: 10704 | C350: Muhammad Agha Jaffar | D350: Collection Officer | E350: Removal | J350: 0 | K350: 0 | L350: 0 | M350: =SUM(F350:L350) -> 0
A351: 349 | B351: 10705 | C351: Shakir Ullah | D351: Technician | E351: Technical | K351: 0 | L351: 0 | M351: =SUM(F351:L351) -> 0
A352: 350 | B352: 10708 | C352: Muhammad Hassan | D352: CRO | E352: Control Room | K352: 0 | L352: 0 | M352: =SUM(F352:L352) -> 0
A353: 351 | B353: 10706 | C353: Muhammad Suleman | D353: Technician | E353: Technical | K353: 0 | L353: 0 | M353: =SUM(F353:L353) -> 0
A354: 352 | B354: 10707 | C354: Imran Younis | D354: Manager, Sales | E354: Sales & Marketing | K354: 0 | L354: 500 | M354: =SUM(F354:L354) -> 500
A355: 353 | B355: 10709 | C355: Abdul Aleem Mughal | D355: CRO | E355: Control Room | K355: 0 | L355: 0 | M355: =SUM(F355:L355) -> 0
A356: 354 | B356: 10710 | C356: Khawar Nasir Ali | D356: CRO | E356: Control Room | K356: 0 | L356: 0 | M356: =SUM(F356:L356) -> 0
A357: 355 | B357: 10711 | C357: Muhammad Shehraz | D357: Technician | E357: Technical | K357: 0 | L357: 0 | M357: =SUM(F357:L357) -> 0
A358: 356 | B358: 10712 | C358: Sania Mehboob | D358: MTO, Marketing | E358: Marketing | K358: 0 | L358: 0 | M358: =SUM(F358:L358) -> 0
A359: 357 | B359: 10713 | C359: Jamila Attaria | D359: Finance Officer | E359: Accoucts & Finance | K359: 0 | L359: 0 | M359: =SUM(F359:L359) -> 0
A360: 358 | B360: 10714 | C360: Muhammad Hussain Ali | D360: Digital Sales Officer | E360: Marketing | K360: 0 | L360: 0 | M360: =SUM(F360:L360) -> 0
A361: 359 | B361: 10715 | C361: Abu Hurraira Jadoon | D361: CRO | E361: Control Room | K361: 0 | L361: 0 | M361: =SUM(F361:L361) -> 0
A362: 360 | B362: 10716 | C362: Shahzaib Ahmad | D362: CRO | E362: Control Room | K362: 0 | L362: 0 | M362: =SUM(F362:L362) -> 0
... A365: 363 | B365: 10719 | C365: Anam Sabir | D365: CRO | E365: Control Room | K365: 0 | L365: 0 | M365: =SUM(F365:L365) -> 0
A366: 364 | B366: 10720 | C366: Ruqqaya Azad | D366: CRO | E366: Control Room | L366: 0 | M366: =SUM(F366:L366) -> 0
A367: 365 | B367: 10721 | C367: Mihir | D367: TDD Support Executive | E367: Technology Development | L367: 0 | M367: =SUM(F367:L367) -> 0
A368: 366 | B368: 10722 | C368: Hassan Jabbar | D368: Digital Sales Officer | E368: Marketing | L368: 0 | M368: =SUM(F368:L368) -> 0
A369: 367 | B369: 10723 | C369: Rehan Gull | D369: Technician | E369: Technical | L369: 0 | M369: =SUM(F369:L369) -> 0
A370: 368 | B370: 10724 | C370: Muhammad Zain Ul Abedin | D370: CRO | E370: Control Room | L370: 0 | M370: =SUM(F370:L370) -> 0
A371: 369 | B371: 10725 | C371: Hamza Rafique | D371: Collection Officer | E371: Renewal | L371: 0 | M371: =SUM(F371:L371) -> 0
A372: 370 | B372: 10726 | C372: Syed Makhshaf Haider | D372: Software Engineer - II | E372: Software Development | L372: 0 | M372: =SUM(F372:L372) -> 0
A373: 371 | B373: 10728 | C373: Nazeer Ali | D373: Collection Officer | E373: Removal | L373: 0 | M373: =SUM(F373:L373) -> 0
A374: 372 | B374: 10729 | C374: Muhammad Hammad | D374: Corporate Services Officer | E374: Corporate Services | L374: 0 | M374: =SUM(F374:L374) -> 0
A375: 373 | B375: 10730 | C375: Rubab Kanwal | D375: Collection Officer | E375: Renewal | L375: 0 | M375: =SUM(F375:L375) -> 0
A376: 374 | B376: 10731 | C376: Muhammad Wasi | D376: Diagnostics Officer | E376: Diagnostics & Harness | L376: 0 | M376: =SUM(F376:L376) -> 0
A377: 375 | B377: 10732 | C377: Usama Shahzad | D377: Collection Officer | E377: Removal | L377: 0 | M377: =SUM(F377:L377) -> 0
A378: 376 | B378: 10733 | C378: Muhammad Zain | D378: Auto Registration Officer | E378: Diagnostics & Harness | L378: 0 | M378: =SUM(F378:L378) -> 0

Sheet Commision 
A1: Employee ID | B1: Name | C1: Designation | D1: Department | E1: 45839 | F1: 45870 | G1: 45901 | H1: 45931 | I1: 45962 | J1: 45992 | K1: 46048 | L1: 46076
A2: 10001 | B2: Syed Salman Hussain | C2: CEO | D2: Management | E2: 0 | F2: 0 | G2: 0 | H2: 0 | I2: 0 | J2: 0 | K2: 0 | L2: 0
A3: 20001 | B3: Ahmed Farid Bokhari | C3: Director | D3: Management | E3: 0 | F3: 0 | G3: 0 | H3: 0 | I3: 0 | J3: 0 | K3: 0 | L3: 0
A4: 10520 | B4: Nadeem Qasim | C4: Personal Assistant | D4: Management | E4: 0 | F4: 0 | G4: 0 | H4: 0 | I4: 0 | J4: 0 | K4: 0 | L4: 0
A5: 10002 | B5: Ubaid Ullah | C5: Head, Admin | D5: Admin | E5: 0 | F5: 0 | G5: 0 | H5: 0 | I5: 0 | J5: 0 | K5: 0 | L5: 0
A6: 10003 | B6: Furqan | C6: Supervisor, Admin | D6: Admin | E6: 0 | F6: 0 | G6: 0 | H6: 0 | I6: 0 | J6: 0 | K6: 0 | L6: 0
A7: 10418 | B7: Syed Omar Farooq Naqvi | C7: Officer, Admin | D7: Admin | E7: 0 | F7: 0 | G7: 0 | H7: 0 | I7: 0 | J7: 0 | K7: 0 | L7: 0
A8: 10006 | B8: Humna Altamash Yousuf | C8: Head - HR & Cultural Development | D8: Human Resources | E8: 0 | F8: 0 | G8: 0 | H8: 0 | I8: 0 | J8: 0 | K8: 0 | L8: 0
A9: 10008 | B9: Muhammad Fahad | C9: Head - Financial Governance & Compliance | D9: Accounts & Finance | E9: 0 | F9: 0 | G9: 0 | H9: 0 | I9: 0 | J9: 0 | K9: 0 | L9: 0
A10: 10009 | B10: Muhammad Shaukat | C10: Supervisor, Recovery & Collection | D10: Accounts & Finance | E10: 0 | F10: 0 | G10: 0 | H10: 0 | I10: 0 | J10: 0 | K10: 0 | L10: 0
A11: 10010 | B11: Vivian Charles Paul | C11: Head - Corporate Services & Renewal | D11: Corporate Services | E11: 19310 | F11: 44796 | G11: 21587 | H11: 21284 | I11: 25915 | J11: 18486 | K11: 25544 | L11: 35743
A12: 10011 | B12: Sidra | C12: Manager, CS | D12: Corporate Services | E12: 0 | F12: 0 | G12: 0 | H12: 0 | I12: 0 | J12: 0 | K12: 0 | L12: 0
A13: 10494 | B13: Dawood | C13: Supervisor, CS | D13: Corporate Services | E13: 0 | F13: 3000 | G13: 4000 | H13: 0 | I13: 0 | J13: 0 | K13: 0 | L13: 0
... A116: 10352 | B116: Arbaz Sohail | C116: Jr. Harness Technician | D116: Diagnostics & Harness | E116: 0 | F116: 0 | G116: 0 | H116: 0 | I116: 0 | J116: 0 | K116: 0 | L116: 0
A117: 10290 | B117: Syed Sajid Hussain Shah | C117: Sales Executive | D117: Sales & Marketing | E117: 5063 | F117: 86250 | G117: 139843 | H117: 3272 | I117: 4155 | J117: 76856 | K117: =2508+157025 -> 159533 | L117: 1900
A118: 10291 | B118: Abdul Karim Khan | C118: Security Officer | D118: Security department | E118: 0 | F118: 0 | G118: 0 | H118: 0 | I118: 0 | J118: 0 | K118: 0 | L118: 0
A119: 10389 | B119: Faraz Ahmed | C119: Security Officer | D119: Security department | E119: 0 | F119: 0 | G119: 0 | H119: 0 | I119: 0 | J119: 0 | K119: 0 | L119: 0
A120: 10482 | B120: Syed Shabbir Hussain | C120: Head - Security | D120: Security department | E120: 0 | F120: 0 | G120: 0 | H120: 0 | I120: 0 | J120: 0 | K120: 0 | L120: 0
A121: 20005 | B121: Syed Zeeshan Ahmed | C121: Head - Satellite Services/Customer Care | D121: Customer Care | E121: 0 | F121: 0 | G121: 0 | H121: 0 | I121: 0 | J121: 0 | K121: 0 | L121: 0
A122: 20062 | B122: Abdus Subhan | C122: MTO, Andriod | D122: Software Development | E122: 0 | F122: 0 | G122: 0 | H122: 0 | I122: 0 | J122: 0 | K122: 0 | L122: 0
A123: 20007 | B123: Owais Akhlaq | C123: Head - Technical & Product Development | D123: Technology Development | E123: 0 | F123: 0 | G123: 0 | H123: 0 | I123: 0 | J123: 0 | K123: 0 | L123: 0
A124: 20066 | B124: Muhammad Anas | C124: Embedded Engineer | D124: Technology Development | E124: 0 | F124: 0 | G124: 0 | H124: 0 | I124: 0 | J124: 0 | K124: 0 | L124: 0
A125: 20011 | B125: Arshan Ahmed | C125: Technical Support Executive | D125: Technology Development | E125: 0 | F125: 0 | G125: 0 | H125: 0 | I125: 0 | J125: 0 | K125: 0 | L125: 0
A126: 10401 | B126: Kamran Jamal | C126: ERP Manager | D126: Software Development | E126: 0 | F126: 0 | G126: 0 | H126: 0 | I126: 0 | J126: 0 | K126: 0 | L126: 0
A127: 20060 | B127: Muhammad Zeeshan | C127: Software Engineer - II | D127: Software Development | E127: 0 | F127: 0 | G127: 0 | H127: 0 | I127: 0 | J127: 0 | K127: 0 | L127: 0
A128: 10382 | B128: Muhammad Hamza Khan | C128: Sr. Software Engineer - I | D128: Software Development | E128: 0 | F128: 0 | G128: 0 | H128: 0 | I128: 0 | J128: 0 | K128: 0 | L128: 0
A129: 20064 | B129: Rao Aaraf Younus | C129: Software Engineer - II | D129: Software Development | E129: 0 | F129: 0 | G129: 0 | H129: 0 | I129: 0 | J129: 0 | K129: 0 | L129: 0
... A251: 10432 | B251: Tanvir Ahmed | C251: Manager Sales | D251: Sales & Marketing | E251: 0 | F251: 41775 | G251: 16000 | H251: 0 | I251: 9450 | J251: 12040 | K251: 1120 | L251: 0
A252: 10391 | B252: Hannan Ali | C252: Manager Sales | D252: Sales & Marketing | E252: 7342 | F252: 63800 | G252: 297899 | H252: 3185 | I252: 228576 | J252: 74381 | K252: =3153+195075 -> 198228 | L252: 2679
A253: 10102 | B253: Chand Ali Ansari | C253: Office Boy | D253: Admin | E253: 0 | F253: 0 | G253: 0 | H253: 0 | I253: 0 | J253: 0 | K253: 0 | L253: 0
A254: 10103 | B254: Zahid Iqbal | C254: Assistant Manager, Branch | D254: Technical | E254: 0 | F254: 0 | G254: 0 | H254: 0 | I254: 0 | J254: 0 | K254: 0 | L254: 0
A255: 10104 | B255: Muhammad Mughera Ismail | C255: Technician | D255: Technical | E255: 0 | F255: 0 | G255: 0 | H255: 0 | I255: 0 | J255: 0 | K255: 0 | L255: 0
A256: 10107 | B256: Muhammad Ajmal Khan | C256: Technician | D256: Technical | E256: 0 | F256: 0 | G256: 0 | H256: 0 | I256: 0 | J256: 0 | K256: 0 | L256: 0
A257: 10345 | B257: Muhammad Arif | C257: Technician | D257: Technical | E257: 0 | F257: 0 | G257: 0 | H257: 0 | I257: 0 | J257: 0 | K257: 0 | L257: 0
A258: 10292 | B258: Umer Rasheed | C258: Technician | D258: Technical | E258: 0 | F258: 0 | G258: 0 | H258: 0 | I258: 0 | J258: 0 | K258: 0 | L258: 0
A259: 10402 | B259: Irshad Ahmed | C259: Technician | D259: Technical | E259: 0 | F259: 0 | G259: 0 | H259: 0 | I259: 0 | J259: 0 | K259: 0 | L259: 0
A260: 10493 | B260: Ateeq Ur Rehman | C260: Technician | D260: Technical | E260: 0 | F260: 0 | G260: 0 | H260: 0 | I260: 0 | J260: 0 | K260: 0 | L260: 0
A261: 10426 | B261: Ishfaq Ahmed | C261: Technician | D261: Technical | E261: 0 | F261: 0 | G261: 0 | H261: 0 | I261: 0 | J261: 0 | K261: 0 | L261: 0
A262: 10455 | B262: Muhammad Bilal Ali | C262: Technician | D262: Technical | E262: 0 | F262: 0 | G262: 0 | H262: 0 | I262: 0 | J262: 0 | K262: 0 | L262: 0
A263: 10642 | B263: Mubashar Ijaz | C263: Technician | D263: Technical | E263: 0 | F263: 0 | G263: 0 | H263: 0 | I263: 0 | J263: 0 | K263: 0 | L263: 0
A264: 10556 | B264: Muhammad Rauf Akhtar | C264: Technician | D264: Technical | E264: 0 | F264: 0 | G264: 0 | H264: 0 | I264: 0 | J264: 0 | K264: 0 | L264: 0
... A348: 10703 | B348: Nazra Nazar | C348: Collection Officer | D348: Removal | E348: 0 | F348: 0 | G348: 0 | H348: 0 | I348: 0 | J348: 0 | K348: 0 | L348: 0
A349: 10704 | B349: Muhammad agha jaffar | C349: Collection Officer | D349: Removal | K349: 0 | L349: 51634
A350: 10705 | B350: Shakir Ullah | C350: Technician | D350: Technical | K350: 0 | L350: 0
A351: 10708 | B351: Muhammad Hassan | C351: CRO | D351: Control Room | K351: 0 | L351: 0
A352: 10706 | B352: Muhammad Suleman | C352: Technician | D352: Technical | K352: 0 | L352: 0
A353: 10707 | B353: Imran Younis | C353: Manager, Sales | D353: Sales & Marketing | K353: 0 | L353: 0
A354: 10709 | B354: Abdul Aleem Mughal | C354: CRO | D354: Control Room | K354: 0 | L354: 0
A355: 10710 | B355: Khawar Nasir Ali | C355: CRO | D355: Control Room | K355: 0 | L355: 0
A356: 10711 | B356: Muhammad Shehraz | C356: Technician | D356: Technical | K356: 0 | L356: 0
A357: 10712 | B357: Sania Mehboob | C357: MTO, Marketing | D357: Marketing | K357: 0 | L357: 0
A358: 10713 | B358: Jamila Attaria | C358: Finance Officer | D358: Accoucts & Finance | K358: 0 | L358: 0
A359: 10714 | B359: Muhammad Hussain Ali | C359: Digital Sales Officer | D359: Marketing | K359: 0 | L359: 0
A360: 10715 | B360: Abu Hurraira Jadoon | C360: CRO | D360: Control Room | K360: 0 | L360: 0
... A379: 10733 | B379: Muhammad Zain | C379: Auto Registration Officer | D379: Diagnostics & Harness | K379: 0 | L379: 0

Sheet Incentives
A1: S. no | B1: Region | C1: Employee ID | D1: Name | E1: Designation | F1: Department | G1: 45839 | H1: 45870 | I1: 45901 | J1: 45931 | K1: 45962 | L1: 45992 | M1: 46023 | N1: 46054
A2: 1 | B2: Karachi | C2: 10001 | D2: Syed Salman Hussain | E2: CEO | F2: Management | G2: 0 | H2: 0 | I2: 0 | J2: 0 | K2: 0 | L2: 0 | M2: 0 | N2: 0
A3: 2 | B3: Karachi | C3: 20001 | D3: Ahmed Farid Bokhari | E3: Director | F3: Management | G3: 0 | H3: 0 | I3: 0 | J3: 0 | K3: 0 | L3: 0 | M3: 0 | N3: 0
A4: 3 | B4: Karachi | C4: 10520 | D4: Nadeem Qasim | E4: Personal Assistant | F4: Management | G4: 0 | H4: 0 | I4: 0 | J4: 0 | K4: 0 | L4: 0 | M4: 0 | N4: 0
A5: 4 | B5: Karachi | C5: 10002 | D5: Ubaid Ullah | E5: Head, Admin | F5: Admin | G5: 0 | H5: 0 | I5: 0 | J5: 0 | K5: 0 | L5: 0 | M5: 0 | N5: 0
A6: 5 | B6: Karachi | C6: 10003 | D6: Furqan | E6: Supervisor, Admin | F6: Admin | G6: 0 | H6: 0 | I6: 0 | J6: 0 | K6: 0 | L6: 0 | M6: 0 | N6: 0
A7: 6 | B7: Karachi | C7: 10418 | D7: Syed Omar Farooq Naqvi | E7: Officer, Admin | F7: Admin | G7: 0 | H7: 0 | I7: 0 | J7: 0 | K7: 0 | L7: 0 | M7: 0 | N7: 0
A8: 7 | B8: Karachi | C8: 10006 | D8: Humna Altamash Yousuf | E8: Head - HR & Cultural Development | F8: Human Resources | G8: 0 | H8: 0 | I8: 0 | J8: 0 | K8: 0 | L8: 0 | M8: 0 | N8: 0
A9: 8 | B9: Karachi | C9: 10008 | D9: Muhammad Fahad | E9: Head - Financial Governance & Compliance | F9: Accounts & Finance | G9: 0 | H9: 0 | I9: 0 | J9: 0 | K9: 0 | L9: 0 | M9: 0 | N9: 0
A10: 9 | B10: Karachi | C10: 10009 | D10: Muhammad Shaukat | E10: Supervisor, Recovery & Collection | F10: Accounts & Finance | G10: 0 | H10: 0 | I10: 0 | J10: 0 | K10: 0 | L10: 0 | M10: 0 | N10: 0
A11: 10 | B11: Karachi | C11: 10010 | D11: Vivian Charles Paul | E11: Head - Corporate Services & Renewal | F11: Corporate Services | G11: 0 | H11: 0 | I11: 0 | J11: 0 | K11: 0 | L11: 0 | M11: 0 | N11: 0
A12: 11 | B12: Karachi | C12: 10011 | D12: Sidra | E12: Manager, CS | F12: Corporate Services | G12: 0 | H12: 0 | I12: 0 | J12: 0 | K12: 0 | L12: 0 | M12: 0 | N12: 0
A13: 12 | B13: Karachi | C13: 10494 | D13: Dawood | E13: Supervisor, CS | F13: Corporate Services | G13: 0 | H13: 0 | I13: 0 | J13: 0 | K13: 0 | L13: 0 | M13: 0 | N13: 0
... A288: 287 | B288: Multan | C288: 10129 | D288: Muhammad Yaseen | E288: Technician | F288: Technical | G288: 1620 | H288: 1770 | I288: 0 | J288: 0 | K288: 0 | L288: 0 | M288: 0 | N288: 0
A289: 288 | B289: Karachi | C289: 10643 | D289: Muhammad Huzaifa Khan | E289: Business Development Officer | F289: Sales & Marketing | H289: 0 | I289: 0 | J289: 0 | K289: 0 | L289: 0 | M289: 0 | N289: 0
A290: 289 | B290: Karachi | C290: 10645 | D290: Umair Khan | E290: Technician | F290: Technical | H290: 3280 | I290: 6060 | J290: 30240 | K290: 26400 | L290: 27040 | M290: 43380 | N290: 48240
A291: 290 | B291: Karachi | C291: 10646 | D291: Muhammad Ayaz | E291: Sr. Technical Support | F291: Technology Development | H291: 0 | I291: 0 | J291: 0 | K291: 0 | L291: 0 | M291: 0 | N291: 0
A292: 291 | B292: Karachi | C292: 10647 | D292: Israr Ahmed | E292: Harness Technician | F292: Diagnostics & Harness | H292: 0 | I292: 0 | J292: 0 | K292: 0 | L292: 0 | M292: 0 | N292: 0
A293: 292 | B293: Hyderabad | C293: 10644 | D293: Amir Ahmed Qureshi | E293: Supervisor, Technical | F293: Technical | H293: 0 | I293: 0 | J293: 0 | K293: 1260 | L293: 4740 | M293: 1530 | N293: 2010
A294: 293 | B294: Karachi | C294: 10390 | D294: Muhammad Sheheryar Izhar | E294: Dot Net developer | F294: Software Development | H294: 0 | I294: 0 | J294: 0 | K294: 0 | L294: 0 | M294: 0 | N294: 0
A295: 294 | B295: Vehari | C295: 10648 | D295: Muhammad Mohsin | E295: Technician | F295: Technical | H295: 0 | I295: 1710 | J295: 0 | K295: 900 | L295: 1170 | M295: 1350 | N295: 1650
A296: 295 | B296: Karachi | C296: 10649 | D296: Ninta | E296: Front Desk Officer | F296: Administration | H296: 0 | I296: 0 | J296: 0 | K296: 0 | L296: 0 | M296: 0 | N296: 0
A297: 296 | B297: Karachi | C297: 10650 | D297: Zaynab Mustafa | E297: Collection Officer | F297: Renewal Department | H297: 0 | I297: 0 | J297: 0 | K297: 0 | L297: 0 | M297: 0 | N297: 0
A298: 297 | B298: Karachi | C298: 10651 | D298: Muhammad Sami | E298: Collection Officer | F298: Renewal Department | H298: 0 | I298: 0 | J298: 0 | K298: 0 | L298: 0 | M298: 0 | N298: 0
A299: 298 | B299: Karachi | C299: 10652 | D299: Elisha Rayan | E299: CRO | F299: Control room | H299: 0 | I299: 0 | J299: 0 | K299: 0 | L299: 0 | M299: 0 | N299: 0
A300: 299 | B300: Karachi | C300: 10653 | D300: Abdul Samad Khan | E300: CRO | F300: Control room | H300: 0 | I300: 0 | J300: 0 | K300: 0 | L300: 0 | M300: 0 | N300: 0
... A321: 320 | B321: Islamabad | C321: 10669 | D321: Khurram Shahbaz | E321: Technician | F321: Technical | H321: 0 | I321: 0 | J321: 0 | K321: 1830 | L321: 4615 | M321: 1770 | N321: 0
A322: 321 | B322: Faisalabad | C322: 10675 | D322: Iftikhar Haider | E322: Technician | F322: Technical | J322: 0 | K322: 1050 | L322: 1410 | M322: 1980 | N322: 1890
A323: 322 | B323: Karachi | C323: 10676 | D323: Muhammad Arbab | E323: Technician | F323: Technical | J323: 0 | K323: 5590 | L323: 27900 | M323: 9700 | N323: 11400
A324: 323 | B324: Karachi | C324: 10677 | D324: Majid Ali | E324: Technician | F324: Technical | H324: 0 | I324: 0 | J324: 0 | K324: 990 | L324: 0 | M324: 0 | N324: 0
A325: 324 | B325: Karachi | C325: 10678 | D325: Aliza Waleed | E325: Collection Officer | F325: Renewal Department | J325: 0 | K325: 0 | L325: 0 | M325: 0 | N325: 0
A326: 325 | B326: Karachi | C326: 10679 | D326: Warda Khan | E326: Digital Sales Officer | F326: Marketing | J326: 0 | K326: 0 | L326: 0 | M326: 0 | N326: 0
A327: 326 | B327: Karachi | C327: 10680 | D327: Kanwar Zain Shahid | E327: CRO | F327: Control Center | H327: 0 | I327: 0 | J327: 0 | K327: 0 | L327: 0 | M327: 0 | N327: 0
A328: 327 | B328: Karachi | C328: 10681 | D328: Muhammad Ramzan | E328: Technician | F328: Technical | J328: 0 | K328: 1500 | L328: 14160 | M328: 1680 | N328: 3430
A329: 328 | B329: Lahore | C329: 10682 | D329: Arsalan Ali | E329: Technician | F329: Technical | J329: 0 | K329: 1350 | L329: 1740 | M329: 5170 | N329: 1800
A330: 329 | B330: Karachi | C330: 10683 | D330: Rashid Qureshi | E330: Housekeeping Staff | F330: Administration | H330: 0 | I330: 0 | J330: 0 | K330: 0 | L330: 0 | M330: 0 | N330: 0
A331: 330 | B331: Karachi | C331: 10684 | D331: Fiza Sheikh | E331: Collection Officer | F331: Renewal Department | J331: 0 | K331: 0 | L331: 0 | M331: 0 | N331: 0
A332: 331 | B332: Karachi | C332: 10685 | D332: Ibad | E332: Harness Technician | F332: Diagnostics & Harness | J332: 0 | K332: 0 | L332: 0 | M332: 0 | N332: 0
A333: 332 | B333: Karachi | C333: 10686 | D333: Saddam Ali | E333: Coordinator | F333: Technical | H333: 0 | I333: 0 | J333: 0 | K333: 0 | L333: 0 | M333: 0 | N333: 0
A334: 333 | B334: Khanpur | C334: 10689 | D334: Tanveer Ali | E334: Technician | F334: Technical | J334: 0 | K334: 0 | L334: 1410 | M334: 1950 | N334: 1470
A335: 334 | B335: Karachi | C335: 10690 | D335: Lezlee | E335: CRO | F335: Control Center | J335: 0 | K335: 0 | L335: 0 | M335: 0 | N335: 0
A336: 335 | B336: Karachi | C336: 10691 | D336: Faraz Naseem | E336: CRO | F336: Control Center | H336: 0 | I336: 0 | J336: 0 | K336: 0 | L336: 0 | M336: 0 | N336: 0
A337: 336 | B337: Karachi | C337: 10692 | D337: Waseem Tariq | E337: Collection Officer | F337: Removal Department | J337: 0 | K337: 0 | L337: 0 | M337: 0 | N337: 0
A338: 337 | B338: Karachi | C338: 10693 | D338: Muhammad Sameer | E338: CRO | F338: Control Center | J338: 0 | K338: 0 | L338: 0 | M338: 0 | N338: 0
A339: 338 | B339: Karachi | C339: 10694 | D339: Faizan | E339: CRO | F339: Control Center | H339: 0 | I339: 0 | J339: 0 | K339: 0 | L339: 0 | M339: 0 | N339: 0
A340: 339 | B340: Karachi | C340: 10695 | D340: Mirza Umair Baig | E340: Technician | F340: Technical | J340: 0 | K340: 0 | L340: 1650 | M340: 26565 | N340: 30030
A341: 340 | B341: Karachi | C341: 10696 | D341: Obaidullah | E341: CRO | F341: Control Room | L341: 0 | M341: 0 | N341: 0
A342: 341 | B342: Karachi | C342: 10697 | D342: Abdul Sameer | E342: Diagnostics Officer | F342: Diagnostics & Harness | L342: 0 | M342: 0 | N342: 0
A343: 342 | B343: Karachi | C343: 10698 | D343: Fahim Ayoob | E343: Technician | F343: Technical | L343: 0 | M343: 0 | N343: =9120+20000 -> 29120
A344: 343 | B344: Karachi | C344: 10699 | D344: Sheeraz Mehdi | E344: CRO | F344: Control Room | L344: 0 | M344: 0 | N344: 0
A345: 344 | B345: Karachi | C345: 10700 | D345: Muhammad Zia | E345: CRO | F345: Control Room | L345: 0 | M345: 0 | N345: 0
A346: 345 | B346: Karachi | C346: 10701 | D346: Syed Hamza Ali Kazmi | E346: Coordinator | F346: Technical | L346: 0 | M346: 0 | N346: 0
A347: 346 | B347: Islamabad | C347: 10702 | D347: Danish Nadeem | E347: Technician | F347: Technical | L347: 0 | M347: 0 | N347: 0
A348: 347 | B348: Karachi | C348: 10703 | D348: Nazra Nazar | E348: Collection Officer | F348: Removal | L348: 0 | M348: 0 | N348: 0
A349: 348 | B349: Karachi | C349: 10704 | D349: Muhammad agha Jaffar | E349: Collection Officer | F349: Removal | L349: 0 | M349: 0 | N349: 0
A350: 349 | B350: Peshawar | C350: 10705 | D350: Shakir Ullah | E350: Technician | F350: Technical | M350: 0 | N350: 0
A351: 350 | B351: Karachi | C351: 10708 | D351: Muhammad Hassan | E351: CRO | F351: Control Room | M351: 0 | N351: 0
A352: 351 | B352: Bahawalpur | C352: 10706 | D352: Muhammad Suleman | E352: Technician | F352: Technical | M352: 0 | N352: 1560
A353: 352 | B353: Lahore | C353: 10707 | D353: Imran Younis | E353: Manager, Sales | F353: Sales & Marketing | M353: 0 | N353: 0
A354: 353 | B354: Karachi | C354: 10709 | D354: Abdul Aleem Mughal | E354: CRO | F354: Control Room | M354: 0 | N354: 0
A355: 354 | B355: Karachi | C355: 10710 | D355: Khawar Nasir Ali | E355: CRO | F355: Control Room | M355: 0 | N355: 0
A356: 355 | B356: Karachi | C356: 10711 | D356: Muhammad Shehraz | E356: Technician | F356: Technical | M356: 0 | N356: 1740
A357: 356 | B357: Karachi | C357: 10712 | D357: Sania Mehboob | E357: MTO, Marketing | F357: Marketing | M357: 0 | N357: 0
A358: 357 | B358: Karachi | C358: 10713 | D358: Jamila Attaria | E358: Finance Officer | F358: Accoucts & Finance | M358: 0 | N358: 0
A359: 358 | B359: Karachi | C359: 10714 | D359: Muhammad Hussain Ali | E359: Digital Sales Officer | F359: Marketing | M359: 0 | N359: 0
A360: 359 | B360: Karachi | C360: 10715 | D360: Abu Hurraira Jadoon | E360: CRO | F360: Control Room | M360: 0 | N360: 0
A361: 360 | B361: Karachi | C361: 10716 | D361: Shahzaib Ahmad | E361: CRO | F361: Control Room | M361: 0 | N361: 0
... A368: 367 | B368: Islamabad | C368: 10723 | D368: Rehan Gull | E368: Technician | F368: Technical | M368: 0 | N368: 0
A369: 368 | B369: Karachi | C369: 10724 | D369: Muhammad Zain Ul Abedin | E369: CRO | F369: Control Room | N369: 0
A370: 369 | B370: Karachi | C370: 10725 | D370: Hamza Rafique | E370: Collection Officer | F370: Renewal | N370: 0
A371: 370 | B371: Karachi | C371: 10726 | D371: Syed Makhshaf Haider | E371: Software Engineer - II | F371: Software Development | N371: 0
A372: 371 | B372: Karachi | C372: 10728 | D372: Nazeer Ali | E372: Collection Officer | F372: Removal | N372: 0
A373: 372 | B373: Karachi | C373: 10729 | D373: Muhammad Hammad | E373: Corporate Services Officer | F373: Corporate Services | N373: 0
A374: 373 | B374: Karachi | C374: 10730 | D374: Rubab Kanwal | E374: Collection Officer | F374: Renewal | N374: 0
A375: 374 | B375: Karachi | C375: 10731 | D375: Muhammad Wasi | E375: Diagnostics Officer | F375: Diagnostics & Harness | N375: 0
A376: 375 | B376: Karachi | C376: 10732 | D376: Usama Shahzad | E376: Collection Officer | F376: Removal | N376: 0
A377: 376 | B377: Karachi | C377: 10733 | D377: Muhammad Zain | E377: Auto Registration Officer | F377: Diagnostics & Harness | N377: 0

Sheet Comission Jul 25
A1: S.No | B1: Drawer Name | C1: Bank | D1: Cheque No. | E1: Receiving Month | F1: Finance Date | G1: Detail | H1: Emp ID | I1: A/C Title name | J1: Amount | K1: Internal/Engine
A2: 1 | B2: Itechnologi Tracking Services (PVT.) Ltd | C2: DIB | D2: 32705879 | E2: 45864 | F2: 45864 | G2: Chq 32705879 to Muhammad Umer Azeem against 100 Count Summary FMO Jun-2025 | H2: 10030 | I2: Muhammad Umer Azeem | J2: 7384
A3: 2 | B3: Itechnologi Tracking Services (PVT.) Ltd | C3: DIB | D3: 32705880 | E3: 45864 | F3: 45864 | G3: Chq 32705880 to Hannan Ali against 100 Count Summary FMO Jun-2025 | H3: 10391 | I3: Hannan Ali | J3: 7342
A4: 3 | B4: Itechnologi Tracking Services (PVT.) Ltd | C4: DIB | D4: 32705881 | E4: 45864 | F4: 45864 | G4: Chq 32705881 to Anil against 100 Count Summary FMO Jun-2025 | H4: 10019 | I4: Anil | J4: 5401
A5: 4 | B5: Itechnologi Tracking Services (PVT.) Ltd | C5: DIB | D5: 32705882 | E5: 45864 | F5: 45864 | G5: Chq 32705882 to Syed Sajid Hussain shah against 100 Count Summary FMO Jun-2025 | H5: 10290 | I5: Syed Sajid Hussain Shah | J5: 5063
A6: 5 | B6: Itechnologi Tracking Services (PVT.) Ltd | C6: DIB | D6: 32705883 | E6: 45864 | F6: 45864 | G6: Chq 32705883 to Muhammad Shahzad Aziz Bhatti against 100 Count Summary FMO Jun-2025 | H6: 10063 | I6: Muhammad Shahzad Aziz Bhatti | J6: 4810
A7: 6 | B7: Itechnologi Tracking Services (PVT.) Ltd | C7: DIB | D7: 32705721 | E7: 45864 | F7: 45864 | G7: Paid Cheque# 32705721 to Samuel Nawab (ID 10328) against Supervisor of the Month for the month of june 2025 | H7: 10328 | I7: Samuel Nawab | J7: 5000
A8: 7 | B8: Itechnologi Tracking Services (PVT.) Ltd | C8: DIB | D8: 32705764 | E8: 45864 | F8: 45864 | G8: Paid Cheque# 32705764 to Uzair Ahmed Ansari (ID 10554) against CRO 1st Employee Incentive for the month of june 2025 | H8: 10554 | I8: Uzair Ahmed Ansari | J8: 5000
A9: 8 | B9: Itechnologi Tracking Services (PVT.) Ltd | C9: DIB | D9: 32705765 | E9: 45864 | F9: 45864 | G9: Paid Cheque# 32705765 to Dawood Bose (ID 10533) against CRO 2nd Employee Incentive for the month of june 2025 | H9: 10533 | I9: Dawood Bose | J9: 4000
A10: 9 | B10: Itechnologi Tracking Services (PVT.) Ltd | C10: DIB | D10: 32705766 | E10: 45864 | F10: 45864 | G10: Paid Cheque# 32705766 to Alister (ID 10135) against CRO 3rd Employee Incentive for the month of june 2025 | H10: 10135 | I10: Alister Goden Gilbert | J10: 3000
A11: 10 | B11: Itechnologi Tracking Services (PVT.) Ltd | C11: DIB | D11: 32705767 | E11: 45864 | F11: 45864 | G11: Paid Cheque# 32705767 to Syed Ayyan Ali (ID 10239) against CRO Employee Incentive for the month of june 2025 | H11: 10239 | I11: Syed Ayyan Ali | J11: 2000
A12: 11 | B12: Itechnologi Tracking Services (PVT.) Ltd | C12: DIB | D12: 32705768 | E12: 45864 | F12: 45864 | G12: Paid Cheque# 32705768 to Awaiz Javed (ID 10430) against CRO Employee Incentive for the month of April 2025 | H12: 10430 | I12: Awaiz Javed | J12: 1000
A13: 15 | B13: Itechnologi Tracking Services (PVT.) Ltd | C13: DIB | D13: 32705855 | E13: 45864 | F13: 45864 | G13: Chq # 32705855 to Anil (ID 10019) against CR AM Commission FMO May,2025 | H13: 10019 | I13: Anil | J13: 86490
... A41: 43 | B41: Itechnologi Tracking Services (PVT.) Ltd | C41: DIB | D41: 32705732 | E41: 45864 | F41: 45864 | G41: Chq 32705732 to Muhammad Umer Azeem E # 9148 INT COM | H41: 10030 | I41: Muhammad Umer Azeem | J41: 250
A42: 44 | B42: Itechnologi Tracking Services (PVT.) Ltd | C42: DIB | D42: 32705733 | E42: 45864 | F42: 45864 | G42: Chq 32705733 to Muhammad Farhan (ID 10274) E # 249005 INT COM | H42: 10274 | I42: Muhammad Farhan | J42: 2000 | K42: E # 249005 INT COM
A43: 45 | B43: Itechnologi Tracking Services (PVT.) Ltd | C43: DIB | D43: 32705734 | E43: 45864 | F43: 45864 | G43: Chq 32705734 to Syed Amin Uddin Chishty E # 6R353495, G4NAMH303705 INT COM | H43: 10569 | I43: Syed Amin Uddin Chishty | J43: 2500 | K43: E # 6R353495, G4NAMH303705 INT COM
A44: 46 | B44: Itechnologi Tracking Services (PVT.) Ltd | C44: DIB | D44: 32705735 | E44: 45864 | F44: 45864 | G44: Chq 32705735 to Farhana Faisal E # Q374135(A) INT COM | H44: 10034 | I44: Farhana faisal | J44: 2750 | K44: E # Q374135(A) INT COM
A45: 47 | B45: Itechnologi Tracking Services (PVT.) Ltd | C45: DIB | D45: 32705736 | E45: 45864 | F45: 45864 | G45: Chq 32705736 to Muhammad Saif Malik E # G4NANU677475 INT COM | H45: 10431 | I45: Muhammad Saif Malik | J45: 2750 | K45: E # G4NANU677475 INT COM
A46: 49 | B46: Itechnologi Tracking Services (PVT.) Ltd | C46: DIB | D46: 32705774 | E46: 45864 | F46: 45864 | G46: Chq 32705774 to Farhana Faisal E # R06D-K192197, K0565801K, 1GD1571617 INT COM | H46: 10034 | I46: Farhana faisal | J46: 750 | K46: E # R06D-K192197, K0565801K, 1GD1571617 INT COM
A47: 50 | B47: Itechnologi Tracking Services (PVT.) Ltd | C47: DIB | D47: 32705776 | E47: 45864 | F47: 45864 | G47: Chq 32705776 to Syed Muhammad Hasnain E # 6R182632 INT COM | H47: 10163 | I47: Syed Muhammad Hasnain | J47: 750 | K47: E # 6R182632 INT COM
A48: 51 | B48: Itechnologi Tracking Services (PVT.) Ltd | C48: DIB | D48: 32705777 | E48: 45864 | F48: 45864 | G48: Chq 32705777 to Mohammad Yousuf E # G3LALP044593 INT COM | H48: 10407 | I48: Muhammad Yousuf | J48: 1250 | K48: E # G3LALP044593 INT COM
A49: 52 | B49: Itechnologi Tracking Services (PVT.) Ltd | C49: DIB | D49: 32705778 | E49: 45864 | F49: 45864 | G49: Chq 32705778 to Farhana Faisal E # PK10B122688 INT COM | H49: 10034 | I49: Farhana faisal | J49: 750 | K49: E # PK10B122688 INT COM
A50: 53 | B50: Itechnologi Tracking Services (PVT.) Ltd | C50: DIB | D50: 32705779 | E50: 45864 | F50: 45864 | G50: Chq 32705779 to Rahat Gul E # 2A19154 INT COM | H50: 10021 | I50: Rahat Gul | J50: 1250 | K50: # 2A19154 INT COM
A51: 54 | B51: Itechnologi Tracking Services (PVT.) Ltd | C51: DIB | D51: 32705896 | E51: 45864 | F51: 45864 | G51: Chq 32705896 to Mohammad Yousuf E # 2KDU570312 INT COM | H51: 10407 | I51: Muhammad Yousuf | J51: 1250 | K51: # 2KDU570312 INT COM
A52: 55 | B52: Itechnologi Tracking Services (PVT.) Ltd | C52: DIB | D52: 32705897 | E52: 45864 | F52: 45864 | G52: Chq 32705897 to Farhana Faisal E # R060D-K148188, KF-G521073, Q032803 INT COM | H52: 10034 | I52: Farhana faisal | J52: 750 | K52: E # R060D-K148188, KF-G521073, Q032803 INT COM
A53: 56 | B53: Itechnologi Tracking Services (PVT.) Ltd | C53: DIB | D53: 32705898 | E53: 45864 | F53: 45864 | G53: Chq 32705898 to Syed Muhammad Hasnain E # 6R249663 INT COM | H53: 10163 | I53: Syed Muhammad Hasnain | J53: 750 | K53: E # 6R249663 INT COM
A54: 57 | B54: Itechnologi Tracking Services (PVT.) Ltd | C54: DIB | D54: 32705688 | E54: 45864 | F54: 45864 | G54: Chq 32705688 to Muhammad Umer Azeem E # G4NLRH068879 INT COM | H54: 10030 | I54: Muhammad Umer Azeem | J54: 1250 | K54: E # G4NLRH068879 INT COM
A55: 58 | B55: Itechnologi Tracking Services (PVT.) Ltd | C55: DIB | D55: 32705686 | E55: 45864 | F55: 45864 | G55: Chq 32705686 to Babar Ali E # 1GD0632256 INT COM | H55: 10294 | I55: Babar Ali | J55: 1250 | K55: E # 1GD0632256 INT COM
A56: 59 | B56: Itechnologi Tracking Services (PVT.) Ltd | C56: DIB | D56: 32705687 | E56: 45864 | F56: 45864 | G56: Chq 32705687 to Syed Muhammad Hasnain E # 10TMA90006187,6R314029 INT COM | H56: 10163 | I56: Syed Muhammad Hasnain | J56: 4500 | K56: E # 10TMA90006187,6R314029 INT COM

Sheet Comission Aug 2025
A1: S.No | B1: Drawer Name | C1: Bank | D1: Cheque No. | E1: Receiving Month | F1: Finance Date | G1: Detail | H1: Emp ID | I1: A/C Title name | J1: Amount | K1: Internal/Engine
A2: 1 | B2: Itechnologi Tracking Services (PVT.) Ltd | C2: DIB | D2: 32882425 | E2: 45884 | F2: 45891 | G2: Muhammad Shakir Ghanchi (CRO Incentive) | H2: 10020 | I2: Muhammad Shakir Ghanchi | J2: 5000
A3: 2 | B3: Itechnologi Tracking Services (PVT.) Ltd | C3: DIB | D3: 32882426 | E3: 45884 | F3: 45891 | G3: Alishba Naveed (CRO Incentive) | H3: 10512 | I3: Alishba Naveed | J3: 5000
A4: 3 | B4: Itechnologi Tracking Services (PVT.) Ltd | C4: DIB | D4: 32882427 | E4: 45884 | F4: 45891 | G4: Alister Goden Gilbert (CRO Incentive) | H4: 10135 | I4: Alister Goden Gilbert | J4: 4000
A5: 4 | B5: Itechnologi Tracking Services (PVT.) Ltd | C5: DIB | D5: 32882428 | E5: 45884 | F5: 45891 | G5: Dawood Bose (CRO Incentive) | H5: 10494 | I5: Dawood Bose | J5: 3000
A6: 5 | B6: Itechnologi Tracking Services (PVT.) Ltd | C6: DIB | D6: 32882429 | E6: 45884 | F6: 45891 | G6: Uzair Ahmed Ansari (CRO Incentive) | H6: 10554 | I6: Uzair Ahmed Ansari | J6: 2000
A7: 6 | B7: Itechnologi Tracking Services (PVT.) Ltd | C7: DIB | D7: 32882430 | E7: 45884 | F7: 45891 | G7: Yashdial (CRO Incentive) | H7: 10437 | I7: Yashdial | J7: 1000
A8: 7 | B8: Itechnologi Tracking Services (PVT.) Ltd | C8: DIB | D8: 32882439 | E8: 45887 | F8: 45891 | G8: Anil (CR AM incentive FMO July 225) | H8: 10019 | I8: Anil | J8: 91752
A9: 8 | B9: Itechnologi Tracking Services (PVT.) Ltd | C9: DIB | D9: 32882440 | E9: 45887 | F9: 45891 | G9: Joseph Henry (CR AM incentive FMO July 225) | H9: 10018 | I9: Joseph Henry | J9: 61150
A10: 9 | B10: Itechnologi Tracking Services (PVT.) Ltd | C10: DIB | D10: 32882441 | E10: 45887 | F10: 45891 | G10: Syed Zia Abid Naqvi (CR AM HOD Incentive FMO July 2025) | H10: 10015 | I10: Syed Zia Abid Naqvi | J10: 51467
A11: 10 | B11: Itechnologi Tracking Services (PVT.) Ltd | C11: DIB | D11: 32882456 | E11: 45888 | F11: 45891 | G11: Anil (CR AM incentive FMO July 225) | H11: 10019 | I11: Anil | J11: 88400
A12: 11 | B12: Itechnologi Tracking Services (PVT.) Ltd | C12: DIB | D12: 32882457 | E12: 45888 | F12: 45891 | G12: Joseph Henry (CR AM incentive FMO July 225) | H12: 10018 | I12: Joseph Henry | J12: 69240
A13: 12 | B13: Itechnologi Tracking Services (PVT.) Ltd | C13: DIB | D13: 32882458 | E13: 45888 | F13: 45891 | G13: Syed Zia Abid Naqvi (CR AM HOD Incentive FMO July 2025) | H13: 10015 | I13: Syed Zia Abid Naqvi | J13: 49380
... A25: 24 | B25: Itechnologi Tracking Services (PVT.) Ltd | C25: DIB | D25: 32882475 | E25: 45888 | F25: 45891 | G25: Paid Chq. to Zia Abid agnst Incentive to recovary & collection FTM Jul-25 | H25: 10015 | I25: Syed Zia Abid Naqvi | J25: 93152
A26: 25 | B26: Itechnologi Tracking Services (PVT.) Ltd | C26: DIB | D26: 32882445 | E26: 45888 | F26: 45891 | G26: Muhammad Yousuf (Internal Commission) | H26: 10407 | I26: Mohammad Yousuf | J26: 2750 | K26: LEH18-7865
A27: 26 | B27: Itechnologi Tracking Services (PVT.) Ltd | C27: DIB | D27: 32882446 | E27: 45888 | F27: 45891 | G27: Muhammad Owais (Internal Commission) | H27: 10571 | I27: Muhammad Owais masood | J27: 2000 | K27: KF-K113674
A28: 27 | B28: Itechnologi Tracking Services (PVT.) Ltd | C28: DIB | D28: 32882448 | E28: 45888 | F28: 45891 | G28: Syed Muhammad Hasnain (Internal Commission) | H28: 10163 | I28: Syed Muhammad Hasnain | J28: 2500 | K28: R18Z12951728,24431504510
A29: 28 | B29: Itechnologi Tracking Services (PVT.) Ltd | C29: DIB | D29: 32705775 | E29: 45854 | F29: 45891 | G29: Muhammad umer (Internal Commission) | H29: 10365 | I29: Muhammad Umer Ilyas | J29: 5500 | K29: G4LERU494476, 6R197888
A30: 29 | B30: Itechnologi Tracking Services (PVT.) Ltd | C30: DIB | D30: 32882454 | E30: 45888 | F30: 45891 | G30: Rahat Gul (Internal Commission) | H30: 10021 | I30: Rahat Gul | J30: 2500 | K30: LEB-3813814, G4NAMU173030
A31: 30 | B31: Itechnologi Tracking Services (PVT.) Ltd | C31: DIB | D31: 32882478 | E31: 45891 | F31: 45891 | G31: Paid Chq to Tariq Shahzad against Sales Internal Incentives FMO AUG,SEP 2024 | H31: 10028 | I31: Tariq Shahzad | J31: 118716
A32: 31 | B32: Itechnologi Tracking Services (PVT.) Ltd | C32: DIB | D32: 32882479 | E32: 45891 | F32: 45891 | G32: Paid Chq to Fahad Ali Khan against Sales Internal Incentives FMO DEC,2023 ,AUG2024, SEP 2024 | H32: 10131 | I32: Fahad Ali Khan | J32: 143450
A33: 32 | B33: Itechnologi Tracking Services (PVT.) Ltd | C33: DIB | D33: 32882481 | E33: 45891 | F33: 45891 | G33: Paid Chq to Muhammad Umer Azeem against Sales Internal Incentives FMO NOV,DEC 2023 | H33: 10030 | I33: Muhammad Umer Azeem | J33: 94506
A34: 33 | B34: Itechnologi Tracking Services (PVT.) Ltd | C34: DIB | D34: 32882482 | E34: 45891 | F34: 45891 | G34: Paid Chq to Farjad Latif against Sales Internal Incentives FMO FEB, MAY 2025 | H34: 10032 | I34: Farjad Latif | J34: 10075
A35: 34 | B35: Itechnologi Tracking Services (PVT.) Ltd | C35: DIB | D35: 32882487 | E35: 45891 | F35: 45891 | G35: Paid Chq to Farhana Faisal against Sales Internal Incentives FMO FEB, MAY 2025 | H35: 10034 | I35: Farhana faisal | J35: 12185
A36: 35 | B36: Itechnologi Tracking Services (PVT.) Ltd | C36: DIB | D36: 32882490 | E36: 45891 | F36: 45891 | G36: Paid Chq to Syed Muhammad Rahat Ali against Sales Internal Incentives FMO MARCH, MAY, JUNE 2025 | H36: 10568 | I36: Syed Muhammad Rahat Ali | J36: 22440
A37: 36 | B37: Itechnologi Tracking Services (PVT.) Ltd | C37: DIB | D37: 32882452 | E37: 45888 | F37: 45891 | G37: Muhammad Umer Azeem (Internal Commission) | H37: 10030 | I37: Muhammad Umer Azeem | J37: 2000 | K37: 5460631, K120053
A38: 37 | B38: Itechnologi Tracking Services (PVT.) Ltd | C38: DIB | D38: 32882453 | E38: 45888 | F38: 45891 | G38: Farhana Faisal (Internal Commission) | H38: 10034 | I38: Farhana faisal | J38: 2500 | K38: Q058371, 6R241334, Q094458, BHE-712
A39: 38 | B39: Itechnologi Tracking Services (PVT.) Ltd | C39: DIB | D39: 32882480 | E39: 45891 | F39: 45891 | G39: Paid Chq to Islam Javed against Sales Internal Incentives FMO MAY 2025 | H39: 10101 | I39: Islam Javed | J39: 98719
A40: 39 | B40: Itechnologi Tracking Services (PVT.) Ltd | C40: DIB | D40: 32882483 | E40: 45891 | F40: 45891 | G40: Paid Chq to Muhammad Shahzad Aziz Bhatti against Sales Internal Incentives FMO NOV 2024,JAN 2025 | H40: 10063 | I40: Muhammad Shahzad Aziz Bhatti | J40: 150795
A41: 40 | B41: Itechnologi Tracking Services (PVT.) Ltd | C41: DIB | D41: 32882484 | E41: 45891 | F41: 45891 | G41: Paid Chq to Shafqat Jaffari against Sales Internal Incentives FMO OCT, NOV 2024 | H41: 10601 | I41: Shafqat Jaffari | J41: 28945
A42: 41 | B42: Itechnologi Tracking Services (PVT.) Ltd | C42: DIB | D42: 32882485 | E42: 45891 | F42: 45891 | G42: Paid Chq to Syed Sajid Hussain shah against Sales Internal Incentives FMO MARCH,JUNE 2025 | H42: 10290 | I42: Syed Sajid Hussain Shah | J42: 86250
A43: 42 | B43: Itechnologi Tracking Services (PVT.) Ltd | C43: DIB | D43: 32882486 | E43: 45891 | F43: 45891 | G43: Paid Chq to Hannan Ali against Sales Internal Incentives FMO NOV 2024, FEB 2025 | H43: 10391 | I43: Hannan Ali | J43: 63800
A44: 43 | B44: Itechnologi Tracking Services (PVT.) Ltd | C44: DIB | D44: 32882488 | E44: 45891 | F44: 45891 | G44: Paid Chq to Hassan Faroze Arfan against Sales Internal Incentives FMO MARCH, APRIL, MAY, JUNE 2025 | H44: 10527 | I44: Hassan Faroze Arfan | J44: 75850
A45: 44 | B45: Itechnologi Tracking Services (PVT.) Ltd | C45: DIB | D45: 32882489 | E45: 45891 | F45: 45891 | G45: Paid Chq to Faisal Ali against Sales Internal Incentives FMO MARCH, MAY, JUNE 2025 | H45: 10592 | I45: Faisal Ali | J45: 33250
A46: 45 | B46: Itechnologi Tracking Services (PVT.) Ltd | C46: DIB | D46: 32882491 | E46: 45891 | F46: 45891 | G46: Paid Chq to Tanvir Ahmad against Sales Internal Incentives FMO MARCH, APRIL, MAY, JUNE 2025 | H46: 10432 | I46: Tanvir Ahmad | J46: 41775
A47: 46 | B47: Itechnologi Tracking Services (PVT.) Ltd | C47: DIB | D47: 32882494 | E47: 45891 | F47: 45891 | G47: Paid Cheque to Muhammad Faizan Siddiqui (ID 10587) against Digital Sales Marketing Incentive FMO JULY 2025 | H47: 10587 | I47: Muhammad Faizan Siddiqui | J47: 44665
A48: 47 | B48: Itechnologi Tracking Services (PVT.) Ltd | C48: DIB | D48: 32882495 | E48: 45891 | F48: 45891 | G48: Paid Cheque to Muhammad Khizar Sherwani (ID 10597) against Digital Sales Marketing Incentive FMO JULY 2025 | H48: 10597 | I48: Muhammad Khizar Sherwani | J48: 28999
A49: 48 | B49: Itechnologi Tracking Services (PVT.) Ltd | C49: DIB | D49: 32882496 | E49: 45891 | F49: 45891 | G49: Paid Cheque to Shayan (ID 10605) against Digital Sales Marketing Incentive FMO JULY 2025 | H49: 10605 | I49: Shayan | J49: 23666
A50: 49 | B50: Itechnologi Tracking Services (PVT.) Ltd | C50: DIB | D50: 32882497 | E50: 45891 | F50: 45891 | G50: Paid Cheque to Syed Muneeb Hussain (ID 10505) against Digital Sales Marketing Incentive FMO JULY 2025 | H50: 10505 | I50: Syed Muneeb Hussain | J50: 30166
... A60: 59 | B60: Itechnologi Tracking Services (PVT.) Ltd | C60: DIB | D60: 32882476 | E60: 45888 | F60: 45891 | G60: Paid Chq. to Vivian Charles Paul agnst Incentive to recovary & collection FTM Jul-25 | H60: 10010 | I60: Vivian Charles Paul | J60: 44796
A61: 60 | B61: Itechnologi Tracking Services (PVT.) Ltd | C61: DIB | D61: 32882450 | E61: 45888 | F61: 45891 | G61: Muhammad Mustafa (Internal Commission) | H61: 10199 | I61: Muhammad Mustafa | J61: 750 | K61: 6R204105
A62: 61 | B62: Itechnologi Tracking Services (PVT.) Ltd | C62: DIB | D62: 32882451 | E62: 45888 | F62: 45891 | G62: Abdul Mateen (Internal Commission) | H62: 10486 | I62: Abdul Mateen | J62: 1250 | K62: PKS13047747
A63: 62 | B63: Itechnologi Tracking Services (PVT.) Ltd | C63: DIB | D63: 32882449 | E63: 45888 | F63: 45891 | G63: Amir Ahmed Qureshi (Internal Commission) | H63: 10644 | I63: Amir Ahmed Qureshi | J63: 1750 | K63: Q094963
A64: 63 | B64: Itechnologi Tracking Services (PVT.) Ltd | C64: DIB | D64: 32882447 | E64: 45888 | F64: 45891 | G64: Muhammad Shafiq (Internal Commission) | H64: 10119 | I64: Muhammad Shafiq | J64: 2750 | K64: G4NANU262951
A65: 64 | B65: Itechnologi Tracking Services (PVT.) Ltd | C65: DIB | D65: 32882455 | E65: 45888 | F65: 45891 | G65: Ibrar Ahmed (Internal Commission) | H65: 10470 | I65: Ibrar Ahmed | J65: 1750 | K65: 6R133328
A66: 66 | B66: Itechnologi Tracking Services (PVT.) Ltd | C66: DIB | D66: 32912280 | E66: 45895 | F66: 45895 | G66: Incentive July 2025 | H66: 10602 | I66: Iqra Khan | J66: 21985
A67: 67 | B67: Itechnologi Tracking Services (PVT.) Ltd | C67: DIB | D67: 32912281 | E67: 45895 | F67: 45895 | G67: Incentive July 2025 | H67: 10015 | I67: Syed Zia Abid Naqvi | J67: 3879
A68: 68
A69: 69
A70: 70
A71: 71
A72: 72

Sheet Comission Sep 2025
A1: S.No | B1: Drawer Name | C1: Bank | D1: Cheque No. | E1: Receiving Month | F1: Finance Date | G1: Detail | H1: Emp ID | I1: A/C Title name | J1: Amount | K1: Internal/Engine
A2: 1 | B2: Itechnologi Tracking Services (PVT.) Ltd | C2: DIB | D2: 32912207 | E2: 45923 | F2: 45923 | G2: Paid Cheque# 32912207 to Muhammad Shakir Ghanchi (ID 10020) against Supervisor of the Month FMO August-2025 | H2: 10020 | I2: Muhammad Shakir Ghanchi | J2: 5000
A3: 2 | B3: Itechnologi Tracking Services (PVT.) Ltd | C3: DIB | D3: 32912208 | E3: 45923 | F3: 45923 | G3: Paid Cheque# 32912208 Uzair Ahmed Ansari (ID 10554) against CRO 1st Employee Incentive FMO August-2025 | H3: 10554 | I3: Uzair Ahmed Ansari | J3: 5000
A4: 3 | B4: Itechnologi Tracking Services (PVT.) Ltd | C4: DIB | D4: 32912209 | E4: 45923 | F4: 45923 | G4: Paid Cheque# 32912209 to Dawood Bose (ID 10533) against CRO 2nd Employee Incentive FMO August-2025 | H4: 10494 | I4: Dawood Bose | J4: 4000
A5: 4 | B5: Itechnologi Tracking Services (PVT.) Ltd | C5: DIB | D5: 32912210 | E5: 45923 | F5: 45923 | G5: Paid Cheque# 32912210 to Yashdial (ID 10437) against CRO 3rd Employee Incentive FMO August-2025 | H5: 10437 | I5: Yashdial | J5: 3000
A6: 5 | B6: Itechnologi Tracking Services (PVT.) Ltd | C6: DIB | D6: 32912211 | E6: 45923 | F6: 45923 | G6: Paid Cheque# 32912211 to Muhammad Nafay (ID 10460) against CRO Employee Incentive FMO August-2025 | H6: 10460 | I6: Muhammad Nafay | J6: 2000
A7: 6 | B7: Itechnologi Tracking Services (PVT.) Ltd | C7: DIB | D7: 32912212 | E7: 45923 | F7: 45923 | G7: Paid Cheque# 32912212 to Syed Ayyan Ali (ID 10239) against CRO Employee Incentive FMO August-2025 | H7: 10239 | I7: Syed Ayyan Ali | J7: 1000
A8: 7 | B8: Itechnologi Tracking Services (PVT.) Ltd | C8: DIB | D8: 32912219 | E8: 45923 | F8: 45923 | G8: Paid Cheque # 32912219 to Syed Amin Uddin Chishty (ID # 10569) against Incentive FMO August-2025 | H8: 10569 | I8: Syed Amin Uddin Chishty | J8: 25934
A9: 8 | B9: Itechnologi Tracking Services (PVT.) Ltd | C9: DIB | D9: 32912220 | E9: 45923 | F9: 45923 | G9: Paid Cheque # 32912220 to Syed Muhammad Hasnain (ID #10163) against Incentive FMO August-2025 | H9: 10163 | I9: Syed Muhammad Hasnain | J9: 28574
A10: 9 | B10: Itechnologi Tracking Services (PVT.) Ltd | C10: DIB | D10: 32912221 | E10: 45923 | F10: 45923 | G10: Paid Cheque # 32912221 to Iqra (ID # 10602) against Incentive FMO August-2025 | H10: 10602 | I10: Iqra khan | J10: 52258
A11: 10 | B11: Itechnologi Tracking Services (PVT.) Ltd | C11: DIB | D11: 32912222 | E11: 45923 | F11: 45923 | G11: Paid Cheque # 32912222 to Muhammad Khalid (ID # 10567) against Incentive FMO August-2025 | H11: 10567 | I11: Muhammad Khalid | J11: 25210
A12: 11 | B12: Itechnologi Tracking Services (PVT.) Ltd | C12: DIB | D12: 32912223 | E12: 45923 | F12: 45923 | G12: Paid Cheque # 32912223 to Moses Akhtar (ID # 10498) against Incentive FMO August-2025 | H12: 10498 | I12: Moses Akhtar | J12: 23783
A13: 12 | B13: Itechnologi Tracking Services (PVT.) Ltd | C13: DIB | D13: 32912224 | E13: 45923 | F13: 45923 | G13: Paid Cheque # 32912224 to Muhammad Owais (ID # 10571) against Incentive FMO August-2025 | H13: 10571 | I13: Muhammad Owais Masood | J13: 50793
... A63: 62 | B63: Itechnologi Tracking Services (PVT.) Ltd | C63: DIB | D63: 33001256 | E63: 45923 | F63: 45923 | G63: Paid Chq # 33001256 to Tanvir Ahmad against Sales Internal Incentives FMO JULY 2025 | H63: 10432 | I63: Tanvir Ahmad | J63: 16000
A64: 63 | B64: Itechnologi Tracking Services (PVT.) Ltd | C64: DIB | D64: 32912295 | E64: 45923 | F64: 45923 | G64: Chq 32912295 to Hassan Faroze Arfan | H64: 10527 | I64: Hassan Faroze Arfan | J64: 250 | K64: Eng#Q337442INTCOM
A65: 64 | B65: Itechnologi Tracking Services (PVT.) Ltd | C65: DIB | D65: 32912312 | E65: 45923 | F65: 45923 | G65: Chq 32912312 to Muhammad Owais | H65: 10571 | I65: Muhammad Owais Masood | J65: 2750 | K65: Eng#1GD5343461INTCOM
A66: 65 | B66: Itechnologi Tracking Services (PVT.) Ltd | C66: DIB | D66: 33001258 | E66: 45923 | F66: 45923 | G66: Chq 33001258 to Farhana Faisal | H66: 10034 | I66: Farhana Faisal | J66: 250 | K66: Eng#LEB-5051936INTCOM
A67: 66 | B67: Itechnologi Tracking Services (PVT.) Ltd | C67: DIB | D67: 32912178 | E67: 45923 | F67: 45923 | G67: Chq 32912178 to MUHAMMAD ASAD KHAN (EMP ID # 10043) | H67: 10043 | I67: Muhammad Asad khan | J67: 2750 | K67: Eng#G3LAMP030855INTCOM
A68: 67 | B68: Itechnologi Tracking Services (PVT.) Ltd | C68: DIB | D68: 32912340 | E68: 45923 | F68: 45923 | G68: Chq 32912340 to Farhana Faisal | H68: 10034 | I68: Farhana Faisal | J68: 2000 | K68: Eng#Q051037,6R183128INTCOM
A69: 68 | B69: Itechnologi Tracking Services (PVT.) Ltd | C69: DIB | D69: 32912292 | E69: 45923 | F69: 45923 | G69: Chq 32912292 to Farhana Faisal | H69: 10034 | I69: Farhana Faisal | J69: 1750 | K69: Eng#L15A79792922EXTCOM
A70: 69 | B70: Itechnologi Tracking Services (PVT.) Ltd | C70: DIB | D70: 33001201 | E70: 45923 | F70: 45923 | G70: Chq 33001201 to Zubair Shahzad (Patel) | H70: 20010 | I70: Zubair Shahzad | J70: 2750 | K70: Eng#JL473ZQ7NN8AH331326INTCOM
A71: 70 | B71: Itechnologi Tracking Services (PVT.) Ltd | C71: DIB | D71: 32912194 | E71: 45923 | F71: 45923 | G71: Chq 32912194 to Hannan Ali | H71: 10391 | I71: Hannan Ali | J71: 750 | K71: Eng#R18Z16927870INTCOM
A72: 71 | B72: Itechnologi Tracking Services (PVT.) Ltd | C72: DIB | D72: 32912177 | E72: 45923 | F72: 45923 | G72: Chq 32912177 to Mohammad Yousuf (EMP ID # 10407) | H72: 10407 | I72: Mohammad Yousuf | J72: 250 | K72: Eng#6R154160INTCOM
A73: 72 | B73: Itechnologi Tracking Services (PVT.) Ltd | C73: DIB | D73: 32912180 | E73: 45923 | F73: 45923 | G73: Chq 32912180 to Muhammad Owais (EMP ID # 10571) | H73: 10571 | I73: Muhammad Owais Masood | J73: 2750 | K73: Eng#K12MR1031975INTCOM
A74: 73 | B74: Itechnologi Tracking Services (PVT.) Ltd | C74: DIB | D74: 32912179 | E74: 45923 | F74: 45923 | G74: Chq 32912179 to Muhammad Saif Malik (EMP ID # 10431) | H74: 10431 | I74: Muhammad Saif Malik | J74: 1250 | K74: Eng#1KR2699206INTCOM
A75: 74 | B75: Itechnologi Tracking Services (PVT.) Ltd | C75: DIB | D75: 32912341 | E75: 45923 | F75: 45923 | G75: Chq 32912341 to Rahat Gul | H75: 10021 | I75: Rahat Gul | J75: 1250 | K75: Eng#GM14647INTCOM
... A83: 82 | B83: Itechnologi Tracking Services (PVT.) Ltd | C83: DIB | D83: 32912285 | E83: 45924 | F83: 45894 | G83: Farhana Faisal (Internal Commission) | H83: 10034 | I83: Farhana Faisal | J83: 500 | K83: Eng # G4NAMH315758, 1KZ-0394173 EXT COM

Sheet Comission Oct 2025
A1: S.No | B1: Drawer Name | C1: Bank | D1: Cheque No. | E1: Receiving Month | F1: Finance Date | G1: Detail | H1: Emp ID | I1: A/C Title name | J1: Amount | K1: Internal/Engine
A2: 1 | B2: Itechnologi Tracking Services (PVT.) Ltd | C2: DIB | D2: 33001281 | E2: 45951 | F2: 45931 | G2: Farhana Faisal (Internal Commission) | H2: 10034 | I2: Farhana Faisal | J2: 750 | K2: K12MR1032296
A3: 2 | B3: Itechnologi Tracking Services (PVT.) Ltd | C3: DIB | D3: 33001282 | E3: 45951 | F3: 45931 | G3: Iqra (Internal Commission) | H3: 10602 | I3: Iqra Khan | J3: 8250 | K3: Q058261, 1KR-2679985, G4FTSU954476
A4: 3 | B4: Itechnologi Tracking Services (PVT.) Ltd | C4: DIB | D4: 33001283 | E4: 45951 | F4: 45931 | G4: Rahat Gul (Internal Commission) | H4: 10021 | I4: Rahat Gul | J4: 1250 | K4: KF-G056664
A5: 4 | B5: Itechnologi Tracking Services (PVT.) Ltd | C5: DIB | D5: 33001284 | E5: 45951 | F5: 45931 | G5: Jawahir Saeed (Internal Commission) | H5: 10655 | I5: Jawahir Saeed | J5: 3750 | K5: 6R362207, 6R344170, 6R301124
A6: 5 | B6: Itechnologi Tracking Services (PVT.) Ltd | C6: DIB | D6: 33001285 | E6: 45951 | F6: 45931 | G6: Muhammad Umer Azeem (Internal Commission) | H6: 10030 | I6: Muhammad Umer Azeem | J6: 3250 | K6: X439409
A7: 6 | B7: Itechnologi Tracking Services (PVT.) Ltd | C7: DIB | D7: 33001368 | E7: 45951 | F7: 45941 | G7: Samuel Nawab (CRO Sept 2025) | H7: 10328 | I7: Samuel Nawab | J7: 5000
A8: 7 | B8: Itechnologi Tracking Services (PVT.) Ltd | C8: DIB | D8: 33001369 | E8: 45951 | F8: 45941 | G8: Syed Ayyan Ali (CRO Sept 2025) | H8: 10239 | I8: Syed Ayyan Ali | J8: 5000
A9: 8 | B9: Itechnologi Tracking Services (PVT.) Ltd | C9: DIB | D9: 33001370 | E9: 45951 | F9: 45941 | G9: Dawood Boss (CRO Sept 2025) | H9: 10533 | I9: Dawood Bose | J9: 4000
A10: 9 | B10: Itechnologi Tracking Services (PVT.) Ltd | C10: DIB | D10: 33001371 | E10: 45951 | F10: 45941 | G10: Alister Goden Gilbert (Sept 2025) | H10: 10135 | I10: Alister Goden Gilbert | J10: 3000
A11: 10 | B11: Itechnologi Tracking Services (PVT.) Ltd | C11: DIB | D11: 33001372 | E11: 45951 | F11: 45941 | G11: Muhammad Sajeel (CRO Sept 2025) | H11: 10553 | I11: Muhammad Sajeel | J11: 2000
A12: 11 | B12: Itechnologi Tracking Services (PVT.) Ltd | C12: DIB | D12: 33001373 | E12: 45951 | F12: 45941 | G12: Matthew Aneel (CRO Sept 2025) | H12: 10627 | I12: Matthew Aneel | J12: 1000
A13: 18 | B13: Itechnologi Tracking Services (PVT.) Ltd | C13: DIB | D13: 33001384 | E13: 45951 | F13: 45946 | G13: Syed Muhammad Hasnain (Incentive Sept 2025) | H13: 10163 | I13: Syed Muhammad Hasnain | J13: 90883
A14: 19 | B14: Itechnologi Tracking Services (PVT.) Ltd | C14: DIB | D14: 33001385 | E14: 45951 | F14: 45946 | G14: Iqra (Incentive Sept 2025) | H14: 10602 | I14: Iqra Khan | J14: 27166
A15: 20 | B15: Itechnologi Tracking Services (PVT.) Ltd | C15: DIB | D15: 33001386 | E15: 45951 | F15: 45946 | G15: Jawahir Saeed (Incentive Sept 2025) | H15: 10655 | I15: Jawahir Saeed | J15: 27833
A16: 21 | B16: Itechnologi Tracking Services (PVT.) Ltd | C16: DIB | D16: 33001387 | E16: 45951 | F16: 45946 | G16: Muhammad Khalid (Incentive Sept 2025) | H16: 10567 | I16: Muhammad Khalid | J16: 26417
A17: 22 | B17: Itechnologi Tracking Services (PVT.) Ltd | C17: DIB | D17: 33001388 | E17: 45951 | F17: 45946 | G17: Moses Akhtar (Incentive Sept 2025) | H17: 10498 | I17: Moses Akhtar | J17: 57050
A18: 23 | B18: Itechnologi Tracking Services (PVT.) Ltd | C18: DIB | D18: 33001389 | E18: 45951 | F18: 45946 | G18: Muhammad Owais (Incentive Sept 2025) | H18: 10571 | I18: Muhammad Owais Masood | J18: 32448
... A44: 50 | B44: Itechnologi Tracking Services (PVT.) Ltd | C44: DIB | D44: 33001418 | E44: 45951 | F44: 45950 | G44: Hassan Faroze Arfan (ID # 10527) against 100 Counts FMO Sep-2025 | H44: 10527 | I44: Hassan Faroze Arfan | J44: 2925
A45: 51 | B45: Itechnologi Tracking Services (PVT.) Ltd | C45: DIB | D45: 33001440 | E45: 45951 | F45: 22-10-25 | G45: Abdul Ahad Ali (ID # 10606) against Incentive FMO Sep-2025 | H45: 10606 | I45: Abdul Ahad Ali | J45: 26548
A46: 52 | B46: Itechnologi Tracking Services (PVT.) Ltd | C46: DIB | D46: 33001441 | E46: 45951 | F46: 22-10-25 | G46: Raja Farjad Manzoor (ID # 10590) against Incentive FMO Sep-2025 | H46: 10590 | I46: Raja Farjad Manzoor | J46: 25606
A47: 53 | B47: Itechnologi Tracking Services (PVT.) Ltd | C47: DIB | D47: 33001442 | E47: 45951 | F47: 22-10-25 | G47: Gulraiz Haider Jafri (ID # 10598) against Incentive FMO Sep-2025 | H47: 10598 | I47: Gulraiz Haider Jaffri | J47: 27093
A48: 54 | B48: Itechnologi Tracking Services (PVT.) Ltd | C48: DIB | D48: 33001443 | E48: 45951 | F48: 22-10-25 | G48: Muhammad Huzaifa Khan (ID # 10562) against Incentive FMO Sep-2025 (Vary Amount) | H48: 10562 | I48: Muhammad Huzaifa Khan | J48: 25801
A49: 55 | B49: Itechnologi Tracking Services (PVT.) Ltd | C49: DIB | D49: 33001444 | E49: 45951 | F49: 22-10-25 | G49: Muhammad Mustafa (ID# 10199) against Incentive FMO Sep-2025 | H49: 10199 | I49: Muhammad Mustafa | J49: 26743
A50: 56 | B50: Itechnologi Tracking Services (PVT.) Ltd | C50: DIB | D50: 33001445 | E50: 45951 | F50: 22-10-25 | G50: Muhammad Sami (ID # 10651) against Incentive FMO Sep-2025 (Vary Amount) | H50: 10651 | I50: Muhammad Sami | J50: 660
A51: 57 | B51: Itechnologi Tracking Services (PVT.) Ltd | C51: DIB | D51: 33001446 | E51: 45951 | F51: 22-10-25 | G51: Vivian Charles Paul (ID # 10010) against Incentive FMO Sep-2025 | H51: 10010 | I51: Vivian Charles Paul | J51: 14717
A52: 58 | B52: Itechnologi Tracking Services (PVT.) Ltd | C52: DIB | D52: 33001455 | E52: 45951 | F52: 21-10-25 | G52: Joseph Henry (CR AM Commission) | H52: 10018 | I52: Joseph Henry | J52: 48050
A53: 59 | B53: Itechnologi Tracking Services (PVT.) Ltd | C53: DIB | D53: 33001456 | E53: 45951 | F53: 21-10-25 | G53: Syed Zia Abid Naqvi (CR AM Commission) | H53: 10015 | I53: Syed Zia Abid Naqvi | J53: 40600
A54: 60 | B54: Itechnologi Tracking Services (PVT.) Ltd | C54: DIB | D54: online | E54: 45951 | F54: 21-10-25 | G54: paid online to anil (CR AM Commission) | H54: 10019 | I54: Anil | J54: 86750
A55: 61 | B55: Itechnologi Tracking Services (PVT.) Ltd | C55: DIB
A56: 62 | B56: Itechnologi Tracking Services (PVT.) Ltd | C56: DIB
A57: 63 | B57: Itechnologi Tracking Services (PVT.) Ltd | C57: DIB
A58: 64 | B58: Itechnologi Tracking Services (PVT.) Ltd | C58: DIB
A59: 65 | B59: Itechnologi Tracking Services (PVT.) Ltd | C59: DIB
A60: 66 | B60: Itechnologi Tracking Services (PVT.) Ltd | C60: DIB
A61: 67 | B61: Itechnologi Tracking Services (PVT.) Ltd | C61: DIB
A62: 68 | B62: Itechnologi Tracking Services (PVT.) Ltd | C62: DIB
A63: 69 | B63: Itechnologi Tracking Services (PVT.) Ltd | C63: DIB
A64: 70 | B64: Itechnologi Tracking Services (PVT.) Ltd | C64: DIB
A65: 71 | B65: Itechnologi Tracking Services (PVT.) Ltd | C65: DIB
A66: 72 | B66: Itechnologi Tracking Services (PVT.) Ltd | C66: DIB
... A76: 82 | B76: Itechnologi Tracking Services (PVT.) Ltd | C76: DIB

Sheet Comission Nov 2025
A1: S.No | B1: Drawer Name | C1: Bank | D1: Cheque No. | E1: Receiving Month | F1: Finance Date | G1: Detail | H1: Emp ID | I1: A/C Title name | J1: Emp ID | K1: Amount | L1: Internal/Engine
A2: 1 | B2: Itechnologi Tracking Services (PVT.) Ltd | C2: DIB | D2: 33067128 | E2: 45972 | F2: 45972 | G2: Tariq Shahzad against Sales Internal Incentives FMO NOV 23, DEC 24 | H2: 10028 | I2: Tariq Shahzad | J2: 10028 | K2: 89067 | L2: Internal Incentives Sales Team & HOD's Incentive (From Aug-23 till Aug-25)
A3: 2 | B3: Itechnologi Tracking Services (PVT.) Ltd | C3: DIB | D3: 33067129 | E3: 45972 | F3: 45972 | G3: Fahad Ali Khan against Sales Internal Incentives FMO NOV 23, NOV & DEC 2024 | H3: 10131 | I3: Fahad Ali Khan | J3: 10131 | K3: 116759 | L3: Internal Incentives Sales Team & HOD's Incentive (From Aug-23 till Aug-25)
A4: 3 | B4: Itechnologi Tracking Services (PVT.) Ltd | C4: DIB | D4: 33067130 | E4: 45972 | F4: 45972 | G4: Islam Javed against Sales Internal Incentives FMO APRIL, MAY, JUNE, JULY 2024 | H4: 10101 | I4: Islam Javed | J4: 10101 | K4: 72442 | L4: Internal Incentives Sales Team & HOD's Incentive (From Aug-23 till Aug-25)
A5: 4 | B5: Itechnologi Tracking Services (PVT.) Ltd | C5: DIB | D5: 33067131 | E5: 45972 | F5: 45972 | G5: Muhammad Umer Azeem against Sales Internal Incentives FMO JUNE, NOV 2024 | H5: 10030 | I5: Muhammad Umer Azeem | J5: 10030 | K5: 189475 | L5: Internal Incentives Sales Team & HOD's Incentive (From Aug-23 till Aug-25)
A6: 5 | B6: Itechnologi Tracking Services (PVT.) Ltd | C6: DIB | D6: 33067132 | E6: 45972 | F6: 45972 | G6: Hassan Mustafa against Sales Internal Incentives FMO MARCH, APRIL 2024 | H6: 10031 | I6: Hassan Mustafa | J6: 10031 | K6: 12400 | L6: Internal Incentives Sales Team & HOD's Incentive (From Aug-23 till Aug-25)
A7: 6 | B7: Itechnologi Tracking Services (PVT.) Ltd | C7: DIB | D7: 33067133 | E7: 45972 | F7: 45972 | G7: Muhammad Shahzad Aziz Bhatti against Sales Internal Incentives FMO JUNE 2025 | H7: 10063 | I7: Muhammad Shahzad Aziz Bhatti | J7: 10063 | K7: 40600 | L7: Internal Incentives Sales Team & HOD's Incentive (From Aug-23 till Aug-25)
A8: 7 | B8: Itechnologi Tracking Services (PVT.) Ltd | C8: DIB | D8: 33067134 | E8: 45972 | F8: 45972 | G8: Hannan Ali against Sales Internal Incentives FMO MAY 2025 | H8: 10391 | I8: Hannan Ali | J8: 10391 | K8: 223800 | L8: Internal Incentives Sales Team & HOD's Incentive (From Aug-23 till Aug-25)
A9: 8 | B9: Itechnologi Tracking Services (PVT.) Ltd | C9: DIB | D9: 33067135 | E9: 45972 | F9: 45972 | G9: Farhana Faisal against Sales Internal Incentives FMO JULY 2025 | H9: 10034 | I9: Farhana Faisal | J9: 10034 | K9: 10850 | L9: Internal Incentives Sales Team & HOD's Incentive (From Aug-23 till Aug-25)
A10: 9 | B10: Itechnologi Tracking Services (PVT.) Ltd | C10: DIB | D10: 33067136 | E10: 45972 | F10: 45972 | G10: Jehanzeb Khan against Sales Internal Incentives FMO MAY 2025 | H10: 10558 | I10: Jehanzeb Khan | J10: 10558 | K10: 17000 | L10: Internal Incentives Sales Team & HOD's Incentive (From Aug-23 till Aug-25)
A11: 10 | B11: Itechnologi Tracking Services (PVT.) Ltd | C11: DIB | D11: 33067137 | E11: 45972 | F11: 45972 | G11: Faroze Arfan against Sales Internal Incentives FMO AUGUST 2025 | H11: 10527 | I11: Hassan Faroze Arfan | J11: 10527 | K11: 10675 | L11: Internal Incentives Sales Team & HOD's Incentive (From Aug-23 till Aug-25)
A12: 11 | B12: Itechnologi Tracking Services (PVT.) Ltd | C12: DIB | D12: 33067137 | E12: 45972 | F12: 45972 | G12: Tanvir Ahmad against Sales Internal Incentives FMO AUGUST 2025 | H12: 10432 | I12: Tanvir Ahmad | J12: 10432 | K12: 9450 | L12: Internal Incentives Sales Team & HOD's Incentive (From Aug-23 till Aug-25)
A13: 18 | B13: Itechnologi Tracking Services (PVT.) Ltd | C13: DIB | D13: 33001419 | E13: 45982 | F13: 45950 | G13: Ibrar Ahmed (Internal Commission) | H13: 10470 | I13: Ibrar Ahmed | J13: 10470 | K13: 250 | L13: 6R294191
... A45: 64 | B45: Itechnologi Tracking Services (PVT.) Ltd | C45: DIB | D45: 33001461 | E45: 45982 | F45: 45954 | G45: Syed Muhammad Hasnain (Internal Commission) Q345932 | H45: 10163 | I45: Syed Muhammad Hasnain | J45: 10163 | K45: 1250 | L45: Q345932
A46: 65 | B46: Itechnologi Tracking Services (PVT.) Ltd | C46: DIB | D46: 33001462 | E46: 45982 | F46: 45954 | G46: Muhammad Yousuf (Internal Commission) 503010 | H46: 10407 | I46: Mohammad Yousuf | J46: 10407 | K46: 1250 | L46: 503010
A47: 66 | B47: Itechnologi Tracking Services (PVT.) Ltd | C47: DIB | D47: 33001463 | E47: 45982 | F47: 45954 | G47: Muhammad Omer (Internal Commission) 93445606 | H47: 10365 | I47: Muhammad Umer Ilyas | J47: 10365 | K47: 3750 | L47: 93445606
A48: 67 | B48: Itechnologi Tracking Services (PVT.) Ltd | C48: DIB | D48: 33001464 | E48: 45982 | F48: 45954 | G48: Moses Akhtar (Internal Commission) TZ200XSQAD5054325 | H48: 10498 | I48: Moses Akhtar | J48: 10498 | K48: 2250 | L48: TZ200XSQAD5054325
A49: 68 | B49: Itechnologi Tracking Services (PVT.) Ltd | C49: DIB | D49: 33067140 | E49: 45982 | F49: 45969 | G49: Khizar Awan CRO Incentive FMO Oct, 2025 | H49: 10364 | I49: Khizar Awan | J49: 10364 | K49: 5000 | L49: CRO Incentive FMO Oct, 2025
A50: 69 | B50: Itechnologi Tracking Services (PVT.) Ltd | C50: DIB | D50: 33067141 | E50: 45982 | F50: 45969 | G50: Uzair Ahmed Ansari CRO Incentive FMO Oct, 2025 | H50: 10554 | I50: Uzair Ahmed Ansari | J50: 10554 | K50: 5000 | L50: CRO Incentive FMO Oct, 2025
A51: 70 | B51: Itechnologi Tracking Services (PVT.) Ltd | C51: DIB | D51: 33067142 | E51: 45982 | F51: 45969 | G51: Awaiz Jawed CRO Incentive FMO Oct, 2025 | H51: 10430 | I51: Awaiz Jawed | J51: 10430 | K51: 4000 | L51: CRO Incentive FMO Oct, 2025
A52: 71 | B52: Itechnologi Tracking Services (PVT.) Ltd | C52: DIB | D52: 33067143 | E52: 45982 | F52: 45969 | G52: Harkas Basharat CRO Incentive FMO Oct, 2025 | H52: 10511 | I52: Harkas Basharat | J52: 10511 | K52: 3000 | L52: CRO Incentive FMO Oct, 2025
A53: 72 | B53: Itechnologi Tracking Services (PVT.) Ltd | C53: DIB | D53: 33067144 | E53: 45982 | F53: 45969 | G53: Rimarrio Shahzad CRO Incentive FMO Oct, 2025 | H53: 10400 | I53: Rimarrio Shahzad | J53: 10400 | K53: 2000 | L53: CRO Incentive FMO Oct, 2025
A54: 73 | B54: Itechnologi Tracking Services (PVT.) Ltd | C54: DIB | D54: 33067145 | E54: 45982 | F54: 45969 | G54: Muhammad Ayan Ateeb CRO Incentive FMO Oct, 2025 | H54: 10489 | I54: Muhammad Ayan Ateeb | J54: 10489 | K54: 1000 | L54: CRO Incentive FMO Oct, 2025
A55: 74 | B55: Itechnologi Tracking Services (PVT.) Ltd | C55: DIB | D55: 33067185 | E55: 45982 | F55: 45975 | G55: Syed Amin Ud din Chishty (R&C Oct 2025) Incentive to recovery & collection FMO Oct-2025 | H55: 10569 | I55: Syed Amin Uddin Chishty | J55: 10569 | K55: 51637 | L55: Incentive to recovery & collection FMO Oct-2025
A56: 75 | B56: Itechnologi Tracking Services (PVT.) Ltd | C56: DIB | D56: 33067186 | E56: 45982 | F56: 45975 | G56: Syed Muhammad Hasnain Incentive to recovery & collection FMO Oct-2025 | H56: 10163 | I56: Syed Muhammad Hasnain | J56: 10163 | K56: 53923 | L56: Incentive to recovery & collection FMO Oct-2025
A57: 76 | B57: Itechnologi Tracking Services (PVT.) Ltd | C57: DIB | D57: 33067187 | E57: 45982 | F57: 45975 | G57: Iqra Incentive to recovery & collection FMO Oct-2025 | H57: 10602 | I57: Iqra Khan | J57: 10602 | K57: 26249 | L57: Incentive to recovery & collection FMO Oct-2025
A58: 77 | B58: Itechnologi Tracking Services (PVT.) Ltd | C58: DIB | D58: 33067188 | E58: 45982 | F58: 45975 | G58: Jawahir Saeed Incentive to recovery & collection FMO Oct-2025 | H58: 10655 | I58: Jawahir Saeed | J58: 10655 | K58: 53023 | L58: Incentive to recovery & collection FMO Oct-2025
A59: 78 | B59: Itechnologi Tracking Services (PVT.) Ltd | C59: DIB | D59: 33067189 | E59: 45982 | F59: 45975 | G59: Muhammad Khalid Incentive to recovery & collection FMO Oct-2025 | H59: 10567 | I59: Muhammad Khalid | J59: 10567 | K59: 25142 | L59: Incentive to recovery & collection FMO Oct-2025
... A63: 82 | B63: Itechnologi Tracking Services (PVT.) Ltd | C63: DIB | D63: 33067193 | E63: 45982 | F63: 45975 | G63: Rahat Gul Incentive to recovery & collection FMO Oct-2025 | H63: 10021 | I63: Rahat Gul | J63: 10021 | K63: 84331 | L63: Incentive to recovery & collection FMO Oct-2025
D64: 33067194 | E64: 45982 | F64: 45975 | G64: Saba Aurangzaib Incentive to recovery & collection FMO Oct-2025 | H64: 10465 | I64: Saba Aurangzaib | J64: 10465 | K64: 131815 | L64: Incentive to recovery & collection FMO Oct-2025
D65: 33067195 | E65: 45982 | F65: 45975 | G65: Muhammad Saif Malik Incentive to recovery & collection FMO Oct-2025 | H65: 10431 | I65: Muhammad Saif Malik | J65: 10431 | K65: 25344 | L65: Incentive to recovery & collection FMO Oct-2025
D66: 33067196 | E66: 45982 | F66: 45975 | G66: Shahzor Domnic Incentive to recovery & collection FMO Oct-2025 | H66: 10326 | I66: Shahzor Domnic | J66: 10326 | K66: 53986 | L66: Incentive to recovery & collection FMO Oct-2025
D67: 33067197 | E67: 45982 | F67: 45975 | G67: Muhammad Yousuf Incentive to recovery & collection FMO Oct-2025 | H67: 10407 | I67: Muhammad Yousuf | J67: 10407 | K67: 139135 | L67: Incentive to recovery & collection FMO Oct-2025
D68: 33067203 | E68: 45982 | F68: 45975 | G68: Syed Zia Abid Naqvi Incentive to recovery & collection FMO Oct-2025 | H68: 10015 | I68: Syed Zia Abid Naqvi | J68: 10015 | K68: 127835 | L68: Incentive to recovery & collection FMO Oct-2025
D69: 33067216 | E69: 45982 | F69: 45978 | G69: Anil Installation Report Oct-2025 for 100 counts | H69: 10019 | I69: Anil | J69: 10019 | K69: 3860 | L69: Installation Report Oct-2025 for 100 counts
D70: 33067244 | E70: 45982 | F70: 45979 | G70: Anil CR AM Commission FMO Oct,2025 | H70: 10019 | I70: Anil | J70: 10019 | K70: 154850 | L70: CR AM Commission FMO Oct,2025
D71: 33067245 | E71: 45982 | F71: 45979 | G71: Joseph Henry CR AM Commission FMO Oct,2025 | H71: 10018 | I71: Joseph Henry | J71: 10018 | K71: 81350 | L71: CR AM Commission FMO Oct,2025
D72: 33067246 | E72: 45982 | F72: 45979 | G72: Syed Zia Abid Naqvi CR AM Commission FMO Oct,2025 | H72: 10015 | I72: Syed Zia Abid Naqvi | J72: 10015 | K72: 74400 | L72: CR AM Commission FMO Oct,2025

Sheet Comission Dec 2025
A1: S.No | B1: Drawer Name | C1: Bank | D1: Cheque No. | E1: Receiving Month | F1: Finance Date | G1: Detail | H1: Emp ID | I1: A/C Title name | J1: Amount | K1: Internal/Engine
A2: 1 | B2: Itechnologi Tracking Services (PVT.) Ltd | C2: DIB | D2: 33067267 | E2: 46014 | F2: 46014 | G2: Paid Chq # 33067267 to Muhammad Umer Azeem (ID # 10030) as a Reward for his outstanding performance in October 2025. | H2: 10030 | I2: Muhammad Umer Azeem | J2: 50000 | K2: Reward
A3: 2 | B3: Itechnologi Tracking Services (PVT.) Ltd | C3: DIB | D3: 220954 | E3: 46014 | F3: 46014 | G3: Paid Chq # 00220954 to Hassan Faroze Arfan against Sales Internal Incentives FMO Oct, 25 | H3: 10527 | I3: Hassan Faroze Arfan | J3: 26513 | K3: Fresh
A4: 3 | B4: Itechnologi Tracking Services (PVT.) Ltd | C4: DIB | D4: 220955 | E4: 46014 | F4: 46014 | G4: Paid Chq # 00220955 to Syed Muhammad Rahat Ali against Sales Internal Incentives FMO Oct, 25 | H4: 10568 | I4: Syed Muhammad Rahat Ali | J4: 12150 | K4: Fresh
A5: 4 | B5: Itechnologi Tracking Services (PVT.) Ltd | C5: DIB | D5: 220956 | E5: 46014 | F5: 46014 | G5: Paid Chq # 00220956 to Syed Faraz Ahsan against Sales Internal Incentives FMO Oct, 25 | H5: 10663 | I5: Syed Faraz Ahsan | J5: 8600 | K5: Fresh
A6: 5 | B6: Itechnologi Tracking Services (PVT.) Ltd | C6: DIB | D6: 220957 | E6: 46014 | F6: 46014 | G6: Paid Chq # 00220957 to Tanvir Ahmad against Sales Internal Incentives FMO Oct, 25 | H6: 10432 | I6: Tanvir Ahmad | J6: 6020 | K6: Fresh
A7: 6 | B7: Itechnologi Tracking Services (PVT.) Ltd | C7: DIB | D7: 33274599 | E7: 46014 | F7: 46014 | G7: Paid Cheque # 33274599 to Muhammad Faizan Siddiqui (ID 10587) against Digital Sales Marketing Incentive FMO Nov,2025 | H7: 10587 | I7: Muhammad Faizan Siddiqui | J7: 55650 | K7: Digital Marketing
A8: 7 | B8: Itechnologi Tracking Services (PVT.) Ltd | C8: DIB | D8: 33274600 | E8: 46014 | F8: 46014 | G8: Paid Cheque # 33274600 to Muhammad Khizar Sherwani (ID 10597) against Digital Sales Marketing Incentive FMO Nov,2025 | H8: 10597 | I8: Muhammad Khizar Sherwani | J8: 23945 | K8: Digital Marketing
A9: 8 | B9: Itechnologi Tracking Services (PVT.) Ltd | C9: DIB | D9: 33274601 | E9: 46014 | F9: 46014 | G9: Paid Cheque # 33274601 to Shayan (ID 10605) against Digital Sales Marketing Incentive FMO Nov,2025 | H9: 10605 | I9: Shayan | J9: 41700 | K9: Digital Marketing
A10: 9 | B10: Itechnologi Tracking Services (PVT.) Ltd | C10: DIB | D10: 33274602 | E10: 46014 | F10: 46014 | G10: Paid Cheque # 33274602 to Syed Muneeb Hussain (ID 10505) against Digital Sales Marketing Incentive FMO Nov,2025 | H10: 10505 | I10: Syed Muneeb Hussain | J10: 76450 | K10: Digital Marketing
A11: 10 | B11: Itechnologi Tracking Services (PVT.) Ltd | C11: DIB | D11: 33274603 | E11: 46014 | F11: 46014 | G11: Paid Cheque # 33274603 to Syed Saboor Ali (ID 10419) against Digital Sales Marketing Incentive FMO Nov,2025 | H11: 10419 | I11: Syed Saboor Ali | J11: 169000 | K11: Digital Marketing
A12: 11 | B12: Itechnologi Tracking Services (PVT.) Ltd | C12: DIB | D12: 33274604 | E12: 46014 | F12: 46014 | G12: Paid Cheque # 33274604 to Warda Khan against Digital Sales Marketing Incentive FMO Nov,2025 | H12: 10679 | I12: Warda Khan | J12: 11148 | K12: Digital Marketing
A13: 18 | B13: Itechnologi Tracking Services (PVT.) Ltd | C13: DIB | D13: 33274605 | E13: 46014 | F13: 46014 | G13: Paid Cheque # 33274605 to Wasiq Ullah Khan (ID 10573) against Digital Sales Marketing Incentive FMO Nov,2025 | H13: 10573 | I13: Wasiq Ullah Khan | J13: 41900 | K13: Digital Marketing
... A74: 93 | B74: Itechnologi Tracking Services (PVT.) Ltd | C74: DIB | D74: 33067167 | E74: 46014 | F74: 45911 | G74: Mohammad Yousuf (Internal commission) | H74: 10407 | I74: Mohammad Yousuf | J74: 6500 | K74: JL473QR30C503080, ARU-567
A75: 94 | B75: Itechnologi Tracking Services (PVT.) Ltd | C75: DIB | D75: 33274686 | E75: 46007 | F75: 45994 | G75: Muhammad Arbaz Khan (10366) top performer technical department FMO Nov, 2025 (Rank # 01) | H75: 10366 | I75: Muhammad Arbaz Khan | J75: 15000
A76: 95 | B76: Itechnologi Tracking Services (PVT.) Ltd | C76: DIB | D76: 33274687 | E76: 46007 | F76: 45994 | G76: Muhammad Ayub Khan (10631) top performer technical department FMO Nov, 2025 (Rank # 02) | H76: 10631 | I76: Muhammad Ayub Khan | J76: 10000
A77: 96 | B77: Itechnologi Tracking Services (PVT.) Ltd | C77: DIB | D77: 33274688 | E77: 46007 | F77: 45994 | G77: Lawrence (10434) top performer technical department FMO Nov, 2025 (Rank # 03) | H77: 10434 | I77: Lawrance | J77: 5000
A78: 97 | B78: Itechnologi Tracking Services (PVT.) Ltd | C78: DIB | D78: 33067082 | E78: 45965 | F78: 45965 | G78: Mohsin Raza top performer technical department FMO Oct , 2025 (Rank # 01) | H78: 10047 | I78: Mohsin Raza | J78: 15000
A79: 98 | B79: Itechnologi Tracking Services (PVT.) Ltd | C79: DIB | D79: 33067083 | E79: 45965 | F79: 45965 | G79: Muhammad Arbaz Khan (10366) top performer technical department FMO Oct, 2025 (Rank # 02) | H79: 10366 | I79: Muhammad Arbaz Khan | J79: 10000
A80: 99 | B80: Itechnologi Tracking Services (PVT.) Ltd | C80: DIB | D80: 33067084 | E80: 45965 | F80: 45965 | G80: Muhammad Ayub Khan (10631)top performer technical department FMO Oct, 2025 (Rank # 03) | H80: 10631 | I80: Muhammad Ayub Khan | J80: 5000

Sheet Commission Jan 2026
A1: S.No | B1: Drawer Name | C1: Bank | D1: Cheque No. | E1: Receiving Month | F1: Finance Date | G1: Detail | H1: Emp ID | I1: A/C Title name | J1: Amount | K1: Internal/Engine
A2: 1 | B2: Itechnologi Tracking Services (PVT.) Ltd | C2: DIB | D2: 33274727 | E2: 46044 | F2: 45999 | G2: RAHAT GUL (Internal Com) | H2: 10021 | I2: Rahat Gul | J2: 2250 | K2: 953528
A3: 2 | B3: Itechnologi Tracking Services (PVT.) Ltd | C3: DIB | D3: 33274730 | E3: 46044 | F3: 45999 | G3: MUHAMMAD SAIF MALIK (Internal Com) | H3: 10431 | I3: Muhammad Saif Malik | J3: 750 | K3: 6R225506
A4: 3 | B4: Itechnologi Tracking Services (PVT.) Ltd | C4: DIB | D4: 33356102 | E4: 46044 | F4: 46015 | G4: TANVEER AHMAD (Vary Amount Incentive FMO Oct, 25) | H4: 10432 | I4: Tanvir Ahmad | J4: 1120
A5: 4 | B5: Itechnologi Tracking Services (PVT.) Ltd | C5: DIB | D5: 33356112 | E5: 46044 | F5: 46015 | G5: RAHAT GUL (Int Com) | H5: 10021 | I5: Rahat Gul | J5: 1250 | K5: 6R256546
A6: 5 | B6: Itechnologi Tracking Services (PVT.) Ltd | C6: DIB | D6: 33356113 | E6: 46044 | F6: 46015 | G6: MUHAMMAD SAIF MALIK (Int Com) | H6: 10431 | I6: Muhammad Saif Malik | J6: 2500 | K6: R18Z12914597,57034
A7: 6 | B7: Itechnologi Tracking Services (PVT.) Ltd | C7: DIB | D7: 33356149 | E7: 46044 | F7: 46028 | G7: SYED ASAD RAZA (CRO Incentive FMO Dec,25) | H7: 10023 | I7: Syed Asad Raza | J7: 5000
A8: 7 | B8: Itechnologi Tracking Services (PVT.) Ltd | C8: DIB | D8: 33356150 | E8: 46044 | F8: 46028 | G8: ALISTER GODEN GILBERT (CRO Incentive FMO Dec,25) | H8: 10135 | I8: Alister Goden Gilbert | J8: 5000
A9: 8 | B9: Itechnologi Tracking Services (PVT.) Ltd | C9: DIB | D9: 33356151 | E9: 46044 | F9: 46028 | G9: MUHAMMAD FARHAN (CRO Incentive FMO Dec,25) | H9: 10626 | I9: Muhammad Farhan | J9: 4000
A10: 9 | B10: Itechnologi Tracking Services (PVT.) Ltd | C10: DIB | D10: 33356152 | E10: 46044 | F10: 46028 | G10: YASHDIAL (CRO Incentive FMO Dec,25) | H10: 10437 | I10: Yashdial | J10: 3000
A11: 10 | B11: Itechnologi Tracking Services (PVT.) Ltd | C11: DIB | D11: 33356153 | E11: 46044 | F11: 46028 | G11: AWAIZ JAVED (CRO Incentive FMO Dec,25) | H11: 10430 | I11: Awaiz Javed | J11: 2000
A12: 11 | B12: Itechnologi Tracking Services (PVT.) Ltd | C12: DIB | D12: 33356154 | E12: 46044 | F12: 46028 | G12: ALISHBA JAVED (CRO Incentive FMO Dec,25) | H12: 10512 | I12: Alishba Naveed | J12: 1000
A13: 18 | B13: Itechnologi Tracking Services (PVT.) Ltd | C13: DIB | D13: 33356183 | E13: 46044 | F13: 45672 | G13: MUHAMMAD FAIZAN SIDDIQUI (Digital Sales Marketing Incentive FMO Dec,2025) | H13: 10587 | I13: Muhammad Faizan Siddiqui | J13: 74277
A14: 19 | B14: Itechnologi Tracking Services (PVT.) Ltd | C14: DIB | D14: 33356184 | E14: 46044 | F14: 45672 | G14: MUHAMMAD KHIZAR SHERWANI (Digital Sales Marketing Incentive FMO Dec,2025) | H14: 10597 | I14: Muhammad Khizar Sherwani | J14: 24325
A15: 33 | B15: Itechnologi Tracking Services (PVT.) Ltd | C15: DIB | D15: 33356185 | E15: 46044 | F15: 45672 | G15: SHAYAN (Digital Sales Marketing Incentive FMO Dec,2025) | H15: 10605 | I15: Shayan | J15: 30200
A16: 34 | B16: Itechnologi Tracking Services (PVT.) Ltd | C16: DIB | D16: 33356186 | E16: 46044 | F16: 45672 | G16: SYED MUNEEB HUSSAIN (Digital Sales Marketing Incentive FMO Dec,2025) | H16: 10505 | I16: Syed Muneeb Hussain | J16: 69525
A17: 35 | B17: Itechnologi Tracking Services (PVT.) Ltd | C17: DIB | D17: 33356187 | E17: 46044 | F17: 45672 | G17: SYED SABOOR ALI (Digital Sales Marketing Incentive FMO Dec,2025) | H17: 10419 | I17: Syed Saboor Ali | J17: 89213
A18: 36 | B18: Itechnologi Tracking Services (PVT.) Ltd | C18: DIB | D18: 33356188 | E18: 46044 | F18: 45672 | G18: WASIQ ULLAH KHAN (Digital Sales Marketing Incentive FMO Dec,2025) | H18: 10573 | I18: Wasiq Ullah Khan | J18: 23255
... A53: 72 | B53: Itechnologi Tracking Services (PVT.) Ltd | C53: DIB | D53: 33356139 | E53: 45672 | F53: 45659 | G53: MUHAMMAD ARBAZ KHAN (Top performer 3rd position) | H53: 10366 | I53: Muhammad Arbaz Khan | J53: 5000
A54: 73 | B54: Itechnologi Tracking Services (PVT.) Ltd | C54: DIB | D54: Onilne | E54: 45679 | F54: 46044 | G54: Commission against Jun, Aug, Sep & Oct (Hannan Ali) | H54: 10391 | I54: Hannan Ali | J54: 195075
A55: 74 | B55: Itechnologi Tracking Services (PVT.) Ltd | C55: DIB | D55: Onilne | E55: 45679 | F55: 46409 | G55: Commission against Jun, Aug, Sep & Oct (Hannan Ali) | H55: 10290 | I55: Syed Sajid Hussain Shah | J55: 157025
A56: 75 | B56: Itechnologi Tracking Services (PVT.) Ltd | C56: DIB | D56: 33356285 | E56: 46048 | F56: 46048 | G56: Direct sales Commission | H56: 10015 | I56: Syed Zia Abid Naqvi | J56: 53142
A57: 76 | B57: Itechnologi Tracking Services (PVT.) Ltd | C57: DIB | D57: 33356284 | E57: 46048 | F57: 46048 | G57: Direct sales Commission | H57: 10018 | I57: Joseph Henry | J57: 73504
A58: 77 | B58: Itechnologi Tracking Services (PVT.) Ltd | C58: DIB | D58: 33356283 | E58: 46048 | F58: 46048 | G58: Direct sales Commission | H58: 10019 | I58: Anil | J58: 98886
A59: 78 | B59: Itechnologi Tracking Services (PVT.) Ltd | C59: DIB
A60: 79 | B60: Itechnologi Tracking Services (PVT.) Ltd | C60: DIB
A61: 80 | B61: Itechnologi Tracking Services (PVT.) Ltd | C61: DIB
A62: 81 | B62: Itechnologi Tracking Services (PVT.) Ltd | C62: DIB
A63: 82 | B63: Itechnologi Tracking Services (PVT.) Ltd | C63: DIB
A64: 83 | B64: Itechnologi Tracking Services (PVT.) Ltd | C64: DIB
A65: 84 | B65: Itechnologi Tracking Services (PVT.) Ltd | C65: DIB

Sheet Comission Feb 2026
A1: S.No | B1: Drawer Name | C1: Bank | D1: Cheque No. | E1: Receiving Month | F1: Finance Date | G1: Detail | H1: Emp ID | I1: A/C Title name | J1: Amount | K1: Internal/Engine
A2: 1 | B2: Itechnologi Tracking Services (PVT.) Ltd | C2: DIB | D2: 33274731 | E2: 46076 | F2: 45999 | G2: VIVIAN CHARLES PAUL (Internal Com) | H2: 10010 | I2: VIVIAN CHARLES PAUL | J2: 1250 | K2: 1TR-1062254
A3: 2 | B3: Itechnologi Tracking Services (PVT.) Ltd | C3: DIB | D3: 33274724 | E3: 46076 | F3: 45999 | G3: JAWAHIR SAEED (Internal Com) | H3: 10655 | I3: JAWAHIR SAEED | J3: 1000 | K3: K12MR1034318
A4: 3 | B4: Itechnologi Tracking Services (PVT.) Ltd | C4: DIB | D4: 33274725 | E4: 46076 | F4: 45999 | G4: FARHANA FAISAL (Internal Com) | H4: 10034 | I4: FARHANA FAISAL | J4: 1750 | K4: 6R204954, 1GD0884427, R18Z1-2741485
A5: 4 | B5: Itechnologi Tracking Services (PVT.) Ltd | C5: DIB | D5: 33274726 | E5: 46076 | F5: 45999 | G5: MUHAMMAD OWAIS (Internal Com) | H5: 10571 | I5: MUHAMMAD OWAIS | J5: 4750 | K5: 614384-J, NKMAAB3D1N1017122, L13Z17539639
A6: 5 | B6: Itechnologi Tracking Services (PVT.) Ltd | C6: DIB | D6: 33274728 | E6: 46076 | F6: 45999 | G6: SYED FARAZ AHSAN (Internal Com) | H6: 10663 | I6: SYED FARAZ AHSAN | J6: 6750 | K6: Q370673A, Z578901, Z384232
A7: 6 | B7: Itechnologi Tracking Services (PVT.) Ltd | C7: DIB | D7: 33274729 | E7: 46076 | F7: 45999 | G7: AKHTER (Internal Com) | H7: 10169 | I7: AKHTER | J7: 1250 | K7: 347365
A8: 7 | B8: Itechnologi Tracking Services (PVT.) Ltd | C8: DIB | D8: 33274732 | E8: 46076 | F8: 45999 | G8: SYED MUHAMMAD HASNAIN (Internal Com) | H8: 10163 | I8: SYED MUHAMMAD HASNAIN | J8: 1500 | K8: SW260097, SW260096
A9: 8 | B9: Itechnologi Tracking Services (PVT.) Ltd | C9: DIB | D9: 33356164 | E9: 46076 | F9: 45669 | G9: FARHANA FAISAL (Internal Com) | H9: 10034 | I9: FARHANA FAISAL | J9: 1250 | K9: 1KR-2316377, 6R122448, 9Z10821, G4NAMU799447
A10: 9 | B10: Itechnologi Tracking Services (PVT.) Ltd | C10: DIB | D10: 33356388 | E10: 46076 | F10: 46065 | G10: KHIZAR AWAN (CROs Incentive FMO Jan, 2026) | H10: 10364 | I10: KHIZAR AWAN | J10: 5000 | K10: CRO
A11: 10 | B11: Itechnologi Tracking Services (PVT.) Ltd | C11: DIB | D11: 33356389 | E11: 46076 | F11: 46065 | G11: MUHAMMAD USMAN (CROs Incentive FMO Jan, 2026) | H11: 10192 | I11: MUHAMMAD USMAN | J11: 5000 | K11: CRO
A12: 11 | B12: Itechnologi Tracking Services (PVT.) Ltd | C12: DIB | D12: 33356390 | E12: 46076 | F12: 46065 | G12: SHEERAZ MEHDI (CROs Incentive FMO Jan, 2026) | H12: 10699 | I12: SHEERAZ MEHDI | J12: 4000 | K12: CRO
A13: 12 | B13: Itechnologi Tracking Services (PVT.) Ltd | C13: DIB | D13: 33356391 | E13: 46076 | F13: 46065 | G13: MUHAMMAD FARHAN (CROs Incentive FMO Jan, 2026) | H13: 10626 | I13: MUHAMMAD FARHAN | J13: 3000 | K13: CRO
... A62: 78 | B62: Itechnologi Tracking Services (PVT.) Ltd | C62: DIB | D62: 33356282 | E62: 46046 | F62: 46054 | G62: Appreciation of Monthly Performance | H62: 10698 | I62: Fahim Ayoob | J62: 20000 | K62: Technical
A63: 79
A64: 80
A65: 81
A66: 82
A67: 83
A68: 84
A69: 85
A70: 86
A71: 87
A72: 88
A73: 89
A74: 90
A75: 91

Sheet Com summary
A1: S.No | B1: ID | C1: Name | D1: 45839 | E1: 45870 | F1: 45901 | G1: 45931 | H1: 45962 | I1: 45992 | J1: 46023 | K1: 46054
A2: 1 | B2: 10010 | C2: Vivian Charles Paul | D2: 19310 | E2: 44796 | F2: 21587 | G2: 21284 | H2: 25915 | I2: 18486 | J2: 25544 | K2: 35743
A3: 2 | B3: 10015 | C3: Syed Zia Abid Naqvi | D3: 118022 | E3: 197878 | F3: 138381 | G3: 171051 | H3: 202235 | I3: 149431 | J3: 150134 | K3: 114069
A4: 3 | B4: 10018 | C4: Joseph Henry | D4: 61300 | E4: 130390 | F4: 41650 | G4: 48050 | H4: 81350 | I4: 66130 | J4: 73504 | K4: 0
A5: 4 | B5: 10019 | C5: Anil | D5: 91891 | E5: 180152 | F5: 86376 | G5: 90051 | H5: 158710 | I5: 103018 | J5: 102636 | K5: 1286
A6: 5 | B6: 10021 | C6: Rahat Gul | D6: 57009 | E6: 95593 | F6: 129584 | G6: 139645 | H6: 86831 | I6: 52662 | J6: 64615 | K6: 87421
A7: 6 | B7: 10030 | C7: Muhammad Umer Azeem | D7: 8884 | E7: 96506 | F7: 237930 | G7: 9736 | H7: 199126 | I7: 192710 | J7: 5613 | K7: 3375
A8: 7 | B8: 10034 | C8: Farhana faisal | D8: 5000 | E8: 14685 | F8: 11410 | G8: 750 | H8: 15350 | I8: 2250 | J8: 0 | K8: 4204
A9: 8 | B9: 10063 | C9: Muhammad Shahzad Aziz Bhatti | D9: 4810 | E9: 150795 | F9: 130194 | G9: 3301 | H9: 44330 | I9: 35152 | J9: 2747 | K9: 1900
A10: 9 | B10: 10135 | C10: Alister Goden Gilbert | D10: 3000 | E10: 4000 | F10: 0 | G10: 3000 | H10: 0 | I10: 0 | J10: 5000 | K10: 0
A11: 10 | B11: 10163 | C11: Syed Muhammad Hasnain | D11: 34251 | E11: 32851 | F11: 28574 | G11: 90883 | H11: 57273 | I11: 31490 | J11: 28442 | K11: 27791
A12: 11 | B12: 10199 | C12: Muhammad Mustafa | D12: 24000 | E12: =26663+750 -> 27413 | F12: 26464 | G12: 26743 | H12: 28209 | I12: 0 | J12: 25685 | K12: 29278
A13: 12 | B13: 10239 | C13: Syed Ayyan Ali | D13: 2000 | E13: 0 | F13: 1000 | G13: 5000 | H13: 0 | I13: 1000 | J13: 0 | K13: 0
A14: 13 | B14: 10274 | C14: Muhammad Farhan | D14: 2000 | E14: 0 | F14: 0 | G14: 0 | H14: 0 | I14: 0 | J14: 0 | K14: 0
A15: 14 | B15: 10290 | C15: Syed Sajid Hussain Shah | D15: 5063 | E15: 86250 | F15: 139843 | G15: 3272 | H15: 4155 | I15: 76856 | J15: 159533 | K15: 1900
A16: 15 | B16: 10294 | C16: Babar Ali | D16: 1250 | E16: 0 | F16: 0 | G16: 0 | H16: 0 | I16: 0 | J16: 0 | K16: 0
A17: 16 | B17: 10326 | C17: Shahzor Domnic | D17: 50131 | E17: 52396 | F17: 87905 | G17: 95747 | H17: 53986 | I17: 51329 | J17: 57554 | K17: 25571
A18: 17 | B18: 10328 | C18: Samuel Nawab | D18: 5000 | E18: 0 | F18: 0 | G18: 5000 | H18: 0 | I18: 0 | J18: 0 | K18: 0
A19: 18 | B19: 10365 | C19: Muhammad Umer Ilyas | D19: 22640 | E19: 64288 | F19: 26947 | G19: 28184 | H19: 30679 | I19: 27590 | J19: 25252 | K19: 26329
A20: 19 | B20: 10391 | C20: Hannan Ali | D20: 7342 | E20: 63800 | F20: 297899 | G20: 3185 | H20: 228576 | I20: 74381 | J20: 198228 | K20: 2679
A21: 20 | B21: 10407 | C21: Muhammad Yousuf | D21: 91898 | E21: 97062 | F21: 98609 | G21: 133864 | H21: 141635 | I21: 143735 | J21: 61995 | K21: 91976
A22: 21 | B22: 10419 | C22: Syed Saboor Ali | D22: 64492 | E22: 102597 | F22: 105335 | G22: 96811 | H22: 98191 | I22: 214013 | J22: 120292 | K22: 158489
A23: 22 | B23: 10430 | C23: Awaiz Javed | D23: 1000 | E23: 0 | F23: 0 | G23: 0 | H23: 4000 | I23: 0 | J23: 2000 | K23: 0
A24: 23 | B24: 10431 | C24: Muhammad Saif Malik | D24: 26622 | E24: 25732 | F24: 29735 | G24: 0 | H24: 25344 | I24: 25294 | J24: 30409 | K24: 52065
... A36: 35 | B36: 10598 | C36: Gulraiz Haider Jaffri | D36: 27216 | E36: 0 | F36: 26375 | G36: 27093 | H36: 0 | I36: 0 | J36: 0 | K36: 0
A37: 36 | B37: 10602 | C37: Iqra | D37: 52028 | E37: =63958+21985 -> 85943 | F37: 57258 | G37: 35416 | H37: 29749 | I37: 27326 | J37: 24904 | K37: 24845
A38: 37 | B38: 10605 | C38: Shayan | D38: 11783 | E38: 23666 | F38: 26499 | G38: 32832 | H38: 29040 | I38: 41700 | J38: 30200 | K38: 36900
A39: 38 | B39: 10606 | C39: Abdul Ahad Ali | D39: 96625 | E39: 132378 | F39: 59314 | G39: 26548 | H39: 95866 | I39: 57977 | J39: 90276 | K39: 58291
A40: 39 | B40: 10636 | C40: Muhammad Hamza Khan | D40: 23242 | E40: 35104 | F40: 32430 | G40: 37973 | H40: 39662 | I40: 62969 | J40: 46619 | K40: 60680
A41: 40 | B41: 10020 | C41: Muhammad Shakir Ghanchi | D41: 0 | E41: 5000 | F41: 5000 | G41: 0 | H41: 0 | I41: 5000 | J41: 0 | K41: 0
A42: 41 | B42: 10028 | C42: Tariq Shahzad | D42: 0 | E42: 118716 | F42: 93128 | G42: 0 | H42: 89067 | I42: 0 | J42: 0 | K42: 0
A43: 42 | B43: 10032 | C43: Farjad Latif | D43: 0 | E43: 10075 | F43: 8375 | G43: 4315 | H43: 3828 | I43: 3652 | J43: 5637 | K43: 2219
A44: 43 | B44: 10101 | C44: Islam Javed | D44: 0 | E44: 98719 | F44: 78933 | G44: 0 | H44: 72442 | I44: 56213 | J44: 0 | K44: 0
A45: 44 | B45: 10119 | C45: Muhammad Shafiq | D45: 0 | E45: 2750 | F45: 0 | G45: 0 | H45: 0 | I45: 0 | J45: 0 | K45: 0
A46: 45 | B46: 10131 | C46: Fahad Ali Khan | D46: 0 | E46: 143450 | F46: 99091 | G46: 0 | H46: 116759 | I46: 0 | J46: 0 | K46: 0
A47: 46 | B47: 10432 | C47: Tanvir Ahmad | D47: 0 | E47: 41775 | F47: 16000 | G47: 0 | H47: 9450 | I47: 12040 | J47: 1120 | K47: 0
A48: 47 | B48: 10437 | C48: Yashdial | D48: 0 | E48: 1000 | F48: 3000 | G48: 0 | H48: 0 | I48: 3000 | J48: 3000 | K48: 0
A49: 48 | B49: 10469 | C49: Zeeshan Khan | D49: 0 | E49: 46312 | F49: 0 | G49: 0 | H49: 0 | I49: 0 | J49: 0 | K49: 0
... A59: 58 | B59: 10644 | C59: Amir Ahmed Qureshi | D59: 0 | E59: 1750 | F59: 0 | G59: 0 | H59: 0 | I59: 0 | J59: 0 | K59: 0
A60: 59 | B60: 20010 | C60: =VLOOKUP(B60,'Comission Sep 2025'!H2:I82,2,FALSE) -> Zubair Shahzad | D60: 0 | E60: 0 | F60: 5500 | G60: 0 | H60: 0 | I60: 0 | J60: 0 | K60: 0
A61: 60 | B61: 10558 | C61: =VLOOKUP(B61,'Comission Sep 2025'!H3:I83,2,FALSE) -> Jehanzeb Khan | D61: 0 | E61: 0 | F61: 29740 | G61: 3214 | H61: 17000 | I61: 0 | J61: 3344 | K61: 0
A62: 61 | B62: 10460 | C62: =VLOOKUP(B62,'Comission Sep 2025'!H4:I84,2,FALSE) -> Muhammad Nafay | D62: 0 | E62: 0 | F62: 2000 | G62: 0 | H62: 0 | I62: 2000 | J62: 0 | K62: 0
A63: 62 | B63: 10043 | C63: =VLOOKUP(B63,'Comission Sep 2025'!H5:I85,2,FALSE) -> Muhammad Asad khan | D63: 0 | E63: 0 | F63: 2750 | G63: 0 | H63: 0 | I63: 0 | J63: 0 | K63: 0
A64: 63 | B64: 10031 | C64: =VLOOKUP(B64,'Comission Sep 2025'!H6:I86,2,FALSE) -> Hassan Mustafa | D64: 0 | E64: 0 | F64: 30525 | G64: 0 | H64: 12400 | I64: 0 | J64: 3248 | K64: 1416
A65: 64 | B65: 10465 | C65: Saba Aurangzaib | D65: 0 | E65: 0 | F65: 0 | G65: 28356 | H65: 131815 | I65: 56714 | J65: 50100 | K65: 25796
A66: 65 | B66: 10553 | C66: Muhammad Sajeel | D66: 0 | E66: 0 | F66: 0 | G66: 2000 | H66: 0 | I66: 0 | J66: 0 | K66: 0
A67: 66 | B67: 10627 | C67: Matthew Aneel | D67: 0 | E67: 0 | F67: 0 | G67: 1000 | H67: 0 | I67: 0 | J67: 0 | K67: 0
A68: 67 | B68: 10651 | C68: Muhammad Sami | D68: 0 | E68: 0 | F68: 0 | G68: 28544 | H68: 0 | I68: 26989 | J68: 26407 | K68: 0
A69: 68 | B69: 10655 | C69: Jawahir Saeed | D69: 0 | E69: 0 | F69: 0 | G69: 31583 | H69: 53023 | I69: 25447 | J69: 26923 | K69: 25566
A70: 69 | B70: 10364 | C70: Khizar Awan | D70: 0 | E70: 0 | F70: 0 | G70: 0 | H70: 5000 | I70: 0 | J70: 0 | K70: 5000
A71: 70 | B71: 10400 | C71: Rimarrio Shahzad | D71: 0 | E71: 0 | F71: 0 | G71: 0 | H71: 2000 | I71: 0 | J71: 0 | K71: 0
A72: 71 | B72: 10406 | C72: Abu Huraira | D72: 0 | E72: 0 | F72: 0 | G72: 0 | H72: 1250 | I72: 0 | J72: 0 | K72: 0
A73: 72 | B73: 10489 | C73: Muhammad Ayan Ateeb | D73: 0 | E73: 0 | F73: 0 | G73: 0 | H73: 1000 | I73: 0 | J73: 0 | K73: 0
A74: 73 | B74: 10511 | C74: Harkas Basharat | D74: 0 | E74: 0 | F74: 0 | G74: 0 | H74: 3000 | I74: 0 | J74: 0 | K74: 0
A75: 74 | B75: 10650 | C75: Zaynab Mustafa | D75: 0 | E75: 0 | F75: 0 | G75: 0 | H75: 27571 | I75: 26035 | J75: 0 | K75: 23113
A76: 75 | B76: 10047 | C76: Mohsin Raza | I76: 15000 | J76: 0 | K76: 0
A77: 76 | B77: 10366 | C77: Muhammad Arbaz Khan | I77: 25000 | J77: 5000 | K77: 10000
A78: 77 | B78: 10403 | C78: Waseem Gill | I78: 250 | J78: 0 | K78: 0
A79: 78 | B79: 10434 | C79: Lawrance | I79: 5000 | J79: 0 | K79: 0
A80: 79 | B80: 10631 | C80: Muhammad Ayub Khan | I80: 15000 | J80: 10000 | K80: 5000
A81: 80 | B81: 10663 | C81: Syed Faraz Ahsan | I81: 8600 | J81: 0 | K81: 6750
A82: 81 | B82: 10679 | C82: Warda Khan | I82: 11148 | J82: 0 | K82: 0
A83: 82 | B83: 10678 | C83: Aliza Waleed | J83: 27773 | K83: 89991
A84: 83 | B84: 10684 | C84: Fiza Sheikh | J84: 29394 | K84: 57163
A85: 84 | B85: 10626 | C85: Muhammad Farhan | J85: 4000 | K85: 3000
A86: 85 | B86: 10692 | C86: Muhammad Waseem Tariq | J86: 57189 | K86: 131254
A87: 86 | B87: 10023 | C87: Syed Asad Raza | J87: 5000 | K87: 0
A88: 87 | B88: 10645 | C88: Umair Khan | J88: 15000 | K88: 15000
B89: 10169 | C89: AKHTER | K89: 1250
B90: 10192 | C90: MUHAMMAD USMAN | K90: 5000
B91: 10699 | C91: SHEERAZ MEHDI | K91: 4000
B92: 10653 | C92: ABDUL SAMAD KHAN | K92: 2000
B93: 10654 | C93: ALVIS BAINJO | K93: 1000
B94: 10704 | C94: AGHA MUHAMMAD JAFFER | K94: 51634
